src_user_id,dst_user_id,since
1,6,2025-05-10
1,151,2025-02-20
1,44,2025-03-19
1,21,2025-04-22
1,2,2025-04-16
1,94,2025-01-28
1,38,2025-06-01
1,175,2025-01-25
1,93,2025-05-07
1,5,2025-04-06
1,4,2025-03-30
2,4,2025-07-02
2,10,2025-06-22
2,7,2025-03-11
2,17,2025-07-08
2,3,2025-06-09
2,5,2025-07-30
2,50,2025-03-01
2,15,2025-04-11
2,1,2025-05-09
2,143,2025-03-24
2,178,2025-07-17
2,102,2025-02-11
2,19,2025-04-02
2,8,2025-07-12
2,67,2025-06-01
2,29,2025-07-22
2,9,2025-01-29
2,35,2025-07-02
3,1,2025-04-19
3,107,2025-04-03
3,4,2025-07-06
3,21,2025-04-23
3,9,2025-07-20
3,11,2025-06-17
3,2,2025-04-19
3,162,2025-05-15
3,43,2025-08-06
3,132,2025-04-28
3,97,2025-07-30
3,14,2025-05-03
3,143,2025-04-06
4,2,2025-06-13
4,3,2025-05-06
4,5,2025-07-23
4,6,2025-05-09
4,59,2025-06-16
4,11,2025-08-05
4,49,2025-05-23
4,182,2025-07-18
4,40,2025-02-11
4,1,2025-02-27
4,90,2025-05-19
4,56,2025-07-06
4,63,2025-07-08
4,75,2025-08-03
4,7,2025-05-31
4,15,2025-04-14
5,3,2025-01-30
5,74,2025-02-13
5,16,2025-04-14
5,6,2025-04-20
5,2,2025-03-08
5,30,2025-08-11
5,17,2025-07-23
5,108,2025-08-08
5,13,2025-06-08
6,4,2025-07-05
6,26,2025-03-25
6,36,2025-02-07
6,12,2025-03-10
6,38,2025-03-30
6,10,2025-04-26
6,8,2025-07-15
6,2,2025-01-26
6,25,2025-05-31
6,7,2025-06-13
6,14,2025-05-27
7,99,2025-07-31
7,6,2025-06-12
7,9,2025-04-27
7,34,2025-03-02
7,4,2025-03-06
7,8,2025-04-17
7,5,2025-07-27
7,144,2025-07-15
8,48,2025-03-13
8,18,2025-03-28
8,76,2025-08-08
8,47,2025-03-04
8,6,2025-04-03
8,88,2025-03-18
8,12,2025-06-12
8,91,2025-02-10
8,9,2025-07-07
8,5,2025-05-30
8,7,2025-04-25
8,10,2025-08-12
8,52,2025-03-08
8,70,2025-05-14
8,1,2025-06-12
8,11,2025-03-19
8,19,2025-04-28
8,160,2025-06-26
8,17,2025-02-23
8,31,2025-02-22
9,25,2025-03-31
9,10,2025-05-12
9,161,2025-07-26
9,149,2025-03-31
9,8,2025-03-26
9,12,2025-04-05
9,11,2025-04-05
10,3,2025-08-07
10,17,2025-05-05
10,13,2025-04-14
10,4,2025-08-01
10,9,2025-03-03
10,98,2025-05-05
10,7,2025-05-09
10,179,2025-06-09
10,22,2025-02-02
10,36,2025-08-08
10,30,2025-05-13
10,11,2025-07-26
10,19,2025-05-16
10,14,2025-06-12
10,6,2025-02-06
10,58,2025-02-25
10,8,2025-03-05
10,2,2025-07-17
10,37,2025-01-27
10,51,2025-03-17
10,1,2025-02-05
10,27,2025-01-31
11,10,2025-07-09
11,20,2025-08-01
11,9,2025-05-14
11,25,2025-03-26
11,12,2025-05-18
11,122,2025-03-01
11,8,2025-06-29
11,7,2025-01-25
11,111,2025-02-18
11,78,2025-04-16
11,22,2025-02-15
11,51,2025-04-12
11,15,2025-03-04
11,28,2025-06-27
11,13,2025-07-09
12,7,2025-02-10
12,90,2025-01-26
12,92,2025-04-17
12,20,2025-08-03
12,13,2025-05-29
12,30,2025-06-22
12,102,2025-08-01
13,84,2025-08-02
13,41,2025-05-24
13,21,2025-05-25
13,7,2025-04-03
13,10,2025-05-03
13,91,2025-03-26
13,19,2025-04-13
13,1,2025-06-09
13,8,2025-08-03
13,23,2025-02-01
13,11,2025-02-28
14,18,2025-05-31
14,27,2025-05-13
14,23,2025-01-25
14,12,2025-07-31
14,29,2025-02-26
14,13,2025-05-20
14,35,2025-06-04
14,64,2025-07-12
14,21,2025-05-10
14,7,2025-04-23
14,15,2025-05-02
15,14,2025-05-06
15,13,2025-05-18
15,161,2025-06-26
15,16,2025-04-07
15,87,2025-02-16
15,22,2025-04-07
15,46,2025-05-10
15,17,2025-04-02
15,19,2025-06-05
15,12,2025-07-22
15,31,2025-02-07
15,3,2025-04-26
15,23,2025-07-23
15,125,2025-04-24
15,139,2025-03-11
15,103,2025-06-27
15,20,2025-03-26
15,2,2025-05-29
15,144,2025-05-22
16,17,2025-07-23
16,153,2025-05-21
16,150,2025-02-24
16,66,2025-05-29
16,15,2025-05-26
16,11,2025-04-20
16,24,2025-03-11
16,133,2025-02-10
17,29,2025-07-01
17,21,2025-02-17
17,10,2025-04-21
17,23,2025-05-15
17,185,2025-04-20
17,12,2025-08-02
17,19,2025-02-07
17,79,2025-05-14
17,35,2025-03-08
17,30,2025-04-23
17,16,2025-06-03
17,51,2025-03-02
17,73,2025-07-29
17,102,2025-07-24
17,22,2025-02-22
17,64,2025-03-02
17,34,2025-05-01
17,42,2025-05-11
18,47,2025-02-02
18,86,2025-02-20
18,17,2025-07-03
18,19,2025-08-05
18,10,2025-07-07
18,22,2025-03-10
18,5,2025-02-20
18,21,2025-01-24
18,23,2025-04-22
18,55,2025-08-04
18,12,2025-07-11
18,20,2025-07-26
18,41,2025-06-13
18,16,2025-01-25
18,24,2025-02-28
18,4,2025-05-11
18,35,2025-05-12
18,36,2025-05-06
18,49,2025-03-20
18,67,2025-08-04
18,181,2025-03-11
19,21,2025-02-20
19,18,2025-04-19
19,48,2025-05-10
19,17,2025-05-09
19,20,2025-04-21
19,10,2025-01-29
19,4,2025-07-24
19,149,2025-03-19
19,61,2025-07-08
20,32,2025-05-11
20,21,2025-05-03
20,16,2025-05-24
20,15,2025-02-27
20,18,2025-06-02
20,23,2025-06-10
20,34,2025-07-14
20,28,2025-08-06
20,19,2025-02-05
20,140,2025-06-26
20,37,2025-04-07
20,25,2025-04-02
20,40,2025-05-05
20,3,2025-03-22
20,13,2025-07-13
20,7,2025-06-06
20,106,2025-01-26
20,59,2025-06-07
20,29,2025-02-13
20,10,2025-04-20
20,30,2025-06-19
21,22,2025-05-31
21,17,2025-02-16
21,26,2025-04-09
21,27,2025-06-22
21,7,2025-07-12
21,20,2025-07-09
21,23,2025-07-25
21,70,2025-04-19
21,29,2025-06-29
21,16,2025-02-11
21,10,2025-04-21
21,28,2025-07-21
21,5,2025-02-19
21,25,2025-05-23
21,125,2025-02-23
21,24,2025-05-16
21,127,2025-02-12
21,30,2025-07-27
21,170,2025-03-25
21,134,2025-03-27
21,15,2025-05-30
21,8,2025-05-28
21,11,2025-07-03
21,2,2025-02-11
22,13,2025-06-29
22,32,2025-05-12
22,11,2025-04-04
22,21,2025-06-16
22,65,2025-07-12
22,5,2025-06-22
22,55,2025-07-08
22,20,2025-06-13
22,15,2025-04-08
22,33,2025-08-06
22,28,2025-05-12
22,80,2025-03-24
22,38,2025-03-19
22,52,2025-05-10
22,18,2025-04-15
22,40,2025-03-24
22,53,2025-07-10
22,186,2025-03-09
22,23,2025-07-21
22,45,2025-07-27
22,117,2025-05-25
22,71,2025-05-03
22,26,2025-02-10
22,64,2025-02-09
22,66,2025-04-12
23,14,2025-04-29
23,96,2025-01-28
23,25,2025-04-30
23,59,2025-03-18
23,22,2025-07-25
23,91,2025-07-11
23,24,2025-05-23
23,3,2025-03-01
23,98,2025-07-25
23,13,2025-04-19
23,135,2025-04-15
23,136,2025-02-19
23,26,2025-04-02
23,29,2025-05-16
23,32,2025-07-11
23,41,2025-01-25
23,49,2025-03-24
23,72,2025-03-02
23,10,2025-03-15
23,30,2025-06-27
23,8,2025-01-28
24,27,2025-04-24
24,25,2025-04-06
24,87,2025-07-29
24,23,2025-07-12
24,16,2025-04-02
24,18,2025-07-04
24,44,2025-05-27
24,29,2025-07-01
24,15,2025-07-02
25,14,2025-02-12
25,36,2025-06-16
25,13,2025-05-16
25,59,2025-04-02
25,37,2025-06-01
25,180,2025-07-23
25,24,2025-06-09
25,56,2025-06-23
25,133,2025-03-03
25,179,2025-03-24
25,43,2025-06-03
25,12,2025-07-11
25,53,2025-03-05
25,29,2025-05-27
25,26,2025-03-08
26,99,2025-07-20
26,17,2025-04-06
26,27,2025-03-01
26,3,2025-06-30
26,11,2025-03-14
26,18,2025-03-17
26,33,2025-07-04
26,43,2025-06-30
26,30,2025-02-25
26,149,2025-03-06
26,25,2025-02-09
26,24,2025-03-11
26,78,2025-05-18
26,23,2025-03-21
26,150,2025-08-02
26,158,2025-08-05
26,9,2025-07-23
26,90,2025-08-01
26,28,2025-03-01
26,194,2025-01-27
26,10,2025-03-18
26,41,2025-06-06
27,157,2025-06-20
27,29,2025-01-28
27,32,2025-03-19
27,37,2025-04-28
27,28,2025-03-07
27,31,2025-03-02
27,96,2025-08-05
27,10,2025-04-07
27,25,2025-03-05
27,136,2025-03-26
27,90,2025-05-30
27,22,2025-03-01
27,26,2025-05-27
27,14,2025-04-11
27,164,2025-06-11
27,180,2025-02-18
27,85,2025-05-01
27,55,2025-05-28
27,18,2025-04-18
27,129,2025-07-25
27,88,2025-02-17
27,155,2025-07-28
27,62,2025-07-03
27,46,2025-04-22
27,33,2025-04-28
28,120,2025-04-16
28,77,2025-06-21
28,10,2025-05-17
28,7,2025-03-10
28,27,2025-07-07
28,57,2025-05-24
28,181,2025-02-10
28,21,2025-05-23
28,32,2025-02-06
28,158,2025-05-16
28,68,2025-05-02
28,66,2025-07-10
28,29,2025-01-30
28,26,2025-05-10
28,12,2025-04-03
28,58,2025-03-22
28,200,2025-07-16
28,196,2025-05-23
28,37,2025-06-12
28,64,2025-04-15
29,131,2025-06-05
29,71,2025-04-19
29,26,2025-06-10
29,30,2025-07-07
29,21,2025-07-19
29,141,2025-07-31
29,33,2025-05-30
29,42,2025-05-06
30,35,2025-04-27
30,29,2025-06-10
30,20,2025-07-03
30,38,2025-05-21
30,32,2025-03-18
30,50,2025-02-09
30,73,2025-05-24
30,33,2025-06-25
30,84,2025-01-29
30,22,2025-07-03
30,8,2025-04-07
30,47,2025-04-03
30,41,2025-04-15
30,26,2025-04-07
30,4,2025-05-26
30,34,2025-04-07
30,31,2025-08-07
30,132,2025-07-20
30,28,2025-05-04
30,40,2025-04-05
30,82,2025-04-17
30,51,2025-06-12
30,111,2025-06-18
30,164,2025-03-16
31,23,2025-07-31
31,116,2025-07-31
31,32,2025-06-01
31,28,2025-04-08
31,171,2025-03-13
31,30,2025-02-26
31,36,2025-02-21
31,16,2025-04-14
31,22,2025-05-31
31,24,2025-03-28
31,37,2025-08-10
31,25,2025-07-16
31,33,2025-04-24
31,118,2025-07-09
31,35,2025-06-06
31,50,2025-02-07
32,26,2025-01-29
32,27,2025-05-01
32,11,2025-05-11
32,30,2025-08-01
32,18,2025-05-02
32,22,2025-07-30
32,33,2025-03-20
32,28,2025-03-22
32,31,2025-06-24
32,41,2025-05-12
32,10,2025-03-24
32,57,2025-05-31
32,37,2025-07-25
32,14,2025-05-06
32,112,2025-04-05
32,137,2025-04-19
33,15,2025-06-02
33,31,2025-03-06
33,60,2025-02-19
33,48,2025-03-09
33,27,2025-07-13
33,29,2025-07-11
33,32,2025-07-19
33,34,2025-05-04
33,37,2025-05-09
33,10,2025-05-18
33,30,2025-03-23
33,44,2025-05-11
33,95,2025-01-31
33,35,2025-07-07
33,21,2025-06-23
33,28,2025-03-11
33,38,2025-04-04
33,4,2025-05-02
33,36,2025-04-06
33,24,2025-08-02
33,17,2025-08-01
33,136,2025-08-03
34,37,2025-02-11
34,42,2025-05-19
34,56,2025-04-13
34,35,2025-04-02
34,19,2025-04-18
34,36,2025-07-05
34,49,2025-03-10
34,22,2025-04-03
34,30,2025-07-08
35,34,2025-03-09
35,41,2025-05-23
35,38,2025-07-02
35,181,2025-05-04
35,39,2025-03-08
35,31,2025-02-04
35,22,2025-05-28
35,27,2025-03-14
35,32,2025-05-18
35,28,2025-04-05
35,29,2025-04-04
35,33,2025-03-29
35,97,2025-04-09
35,14,2025-02-12
35,43,2025-03-21
36,35,2025-04-13
36,175,2025-08-08
36,24,2025-05-10
36,159,2025-05-20
36,82,2025-02-21
36,65,2025-07-15
36,33,2025-04-28
36,29,2025-03-16
36,43,2025-05-26
36,120,2025-02-08
36,38,2025-02-17
36,39,2025-03-04
36,34,2025-08-06
36,70,2025-03-13
37,31,2025-06-06
37,35,2025-02-26
37,38,2025-01-24
37,33,2025-01-26
37,25,2025-03-17
37,41,2025-03-18
37,40,2025-06-15
37,29,2025-02-09
37,39,2025-07-30
37,15,2025-03-16
37,36,2025-04-12
37,27,2025-06-30
37,17,2025-03-31
37,186,2025-03-04
37,64,2025-02-09
37,34,2025-03-07
37,70,2025-01-26
37,86,2025-05-07
37,57,2025-07-06
37,48,2025-02-19
38,37,2025-08-04
38,121,2025-03-19
38,70,2025-02-14
38,154,2025-07-15
38,27,2025-06-25
38,50,2025-08-08
38,128,2025-04-22
38,31,2025-05-24
38,18,2025-04-27
38,52,2025-07-05
38,41,2025-04-29
38,84,2025-02-17
39,29,2025-04-29
39,62,2025-04-06
39,34,2025-01-26
39,31,2025-03-09
39,66,2025-04-14
39,45,2025-02-05
39,41,2025-02-07
39,38,2025-07-28
39,89,2025-02-13
39,79,2025-07-08
39,40,2025-04-02
40,39,2025-03-22
40,41,2025-05-21
40,38,2025-02-24
40,54,2025-04-12
40,36,2025-03-31
40,101,2025-05-08
40,42,2025-05-24
40,105,2025-06-29
40,44,2025-04-17
40,21,2025-03-29
40,150,2025-05-17
41,45,2025-05-14
41,40,2025-02-20
41,30,2025-01-27
41,63,2025-02-09
41,43,2025-02-19
41,98,2025-03-01
41,62,2025-02-16
41,32,2025-06-06
41,39,2025-03-09
41,37,2025-04-11
41,54,2025-06-24
41,12,2025-06-10
41,57,2025-06-02
41,90,2025-03-23
41,69,2025-05-28
41,27,2025-06-16
41,77,2025-05-28
41,29,2025-01-27
41,82,2025-05-31
41,26,2025-02-13
41,35,2025-06-20
41,64,2025-02-17
42,53,2025-05-23
42,47,2025-04-12
42,50,2025-05-15
42,44,2025-03-22
42,38,2025-02-09
42,41,2025-06-03
42,35,2025-05-31
42,108,2025-07-12
42,45,2025-03-19
42,43,2025-02-20
42,137,2025-03-26
42,33,2025-05-07
42,46,2025-05-03
42,7,2025-05-16
42,88,2025-01-27
42,124,2025-07-06
42,68,2025-05-30
42,143,2025-08-02
42,69,2025-05-31
42,25,2025-02-11
43,46,2025-05-16
43,42,2025-04-21
43,55,2025-02-26
43,127,2025-06-08
43,120,2025-02-02
43,44,2025-04-12
43,25,2025-06-19
44,179,2025-03-28
44,77,2025-06-04
44,31,2025-03-22
44,117,2025-02-15
44,88,2025-06-04
44,45,2025-07-08
44,47,2025-07-16
44,43,2025-03-08
44,18,2025-02-04
44,42,2025-03-15
44,67,2025-06-12
45,2,2025-07-31
45,43,2025-02-22
45,44,2025-03-30
45,47,2025-06-16
45,116,2025-03-02
45,57,2025-06-14
45,46,2025-07-30
45,40,2025-07-18
45,34,2025-04-29
45,31,2025-05-20
45,50,2025-02-10
45,48,2025-04-14
46,114,2025-02-19
46,45,2025-01-27
46,49,2025-07-08
46,50,2025-08-11
46,6,2025-03-25
46,52,2025-07-03
46,38,2025-04-30
46,152,2025-02-26
47,36,2025-04-12
47,46,2025-02-27
47,27,2025-06-22
47,196,2025-01-31
47,48,2025-05-31
47,50,2025-05-22
47,23,2025-05-31
47,60,2025-02-28
47,41,2025-07-28
47,104,2025-01-28
47,40,2025-07-21
47,14,2025-02-27
47,49,2025-03-19
47,64,2025-06-14
47,45,2025-03-29
47,55,2025-02-04
47,32,2025-02-08
47,34,2025-08-03
47,110,2025-06-29
47,155,2025-04-28
48,47,2025-08-03
48,45,2025-05-03
48,53,2025-04-08
48,11,2025-06-26
48,38,2025-02-02
48,57,2025-05-30
48,12,2025-08-03
48,43,2025-08-10
48,41,2025-05-28
48,60,2025-03-20
49,9,2025-07-16
49,31,2025-05-19
49,70,2025-06-01
49,41,2025-04-18
49,54,2025-03-01
49,44,2025-03-26
49,45,2025-03-31
49,59,2025-04-08
49,86,2025-07-09
49,78,2025-04-05
49,48,2025-04-15
49,55,2025-06-04
49,43,2025-06-24
49,46,2025-07-15
49,104,2025-05-20
49,6,2025-07-02
49,28,2025-02-06
49,12,2025-04-17
49,51,2025-02-28
49,102,2025-06-08
49,93,2025-02-10
49,50,2025-06-26
49,47,2025-08-09
49,65,2025-02-05
50,46,2025-05-29
50,54,2025-03-20
50,49,2025-02-21
50,52,2025-01-31
50,47,2025-06-24
50,141,2025-06-29
50,65,2025-03-09
50,37,2025-03-02
50,92,2025-05-01
50,51,2025-04-25
50,104,2025-04-03
50,71,2025-05-21
50,10,2025-07-21
50,42,2025-05-02
50,57,2025-02-22
51,55,2025-06-26
51,47,2025-07-08
51,38,2025-04-12
51,81,2025-05-22
51,179,2025-06-10
51,52,2025-08-11
51,42,2025-06-07
51,48,2025-05-06
52,9,2025-04-20
52,116,2025-02-01
52,36,2025-06-05
52,54,2025-05-20
52,49,2025-05-27
52,57,2025-03-16
52,80,2025-02-08
52,45,2025-03-19
52,6,2025-08-10
52,39,2025-06-07
52,108,2025-02-26
52,102,2025-05-12
53,56,2025-07-28
53,58,2025-02-23
53,44,2025-07-13
53,117,2025-04-15
53,52,2025-05-26
53,54,2025-07-03
53,20,2025-05-01
53,43,2025-02-18
53,64,2025-04-06
53,30,2025-02-13
53,61,2025-01-27
53,46,2025-05-25
54,53,2025-03-02
54,51,2025-05-29
54,52,2025-05-10
54,63,2025-03-08
54,56,2025-06-17
54,55,2025-06-17
54,59,2025-07-09
54,152,2025-04-12
55,65,2025-04-18
55,49,2025-02-02
55,15,2025-03-10
55,51,2025-05-09
55,58,2025-04-28
55,22,2025-02-14
55,56,2025-03-25
55,53,2025-04-14
55,81,2025-01-31
56,37,2025-02-23
56,30,2025-06-18
56,66,2025-01-29
56,57,2025-06-10
56,63,2025-02-19
56,55,2025-01-31
56,51,2025-03-13
56,80,2025-07-23
56,76,2025-03-31
56,52,2025-04-20
56,58,2025-03-30
56,34,2025-02-13
56,120,2025-05-12
56,42,2025-07-24
56,145,2025-03-21
56,47,2025-07-15
56,97,2025-07-28
56,96,2025-03-25
56,70,2025-04-05
56,73,2025-06-22
56,109,2025-03-19
56,48,2025-03-28
57,58,2025-07-01
57,51,2025-05-21
57,184,2025-04-01
57,140,2025-04-21
57,19,2025-07-14
57,65,2025-02-19
57,126,2025-06-21
57,48,2025-02-10
57,59,2025-03-16
58,120,2025-07-20
58,17,2025-04-04
58,65,2025-04-20
58,55,2025-07-29
58,126,2025-04-18
58,165,2025-07-10
58,140,2025-04-03
58,59,2025-04-28
58,94,2025-04-18
58,89,2025-03-21
58,56,2025-07-29
58,84,2025-03-22
58,18,2025-04-16
58,61,2025-02-21
58,52,2025-05-26
58,41,2025-02-08
58,31,2025-08-07
58,67,2025-05-03
58,24,2025-06-08
58,54,2025-08-12
59,60,2025-03-17
59,77,2025-07-25
59,57,2025-08-01
59,62,2025-04-26
59,105,2025-05-16
59,53,2025-02-14
59,13,2025-07-27
59,98,2025-03-27
59,12,2025-07-28
59,100,2025-07-26
59,61,2025-04-14
60,137,2025-05-31
60,79,2025-04-30
60,198,2025-06-27
60,58,2025-01-28
60,74,2025-07-09
60,59,2025-01-28
61,62,2025-02-07
61,64,2025-02-28
61,101,2025-04-27
61,180,2025-05-09
61,75,2025-05-07
61,60,2025-04-20
61,71,2025-05-08
61,55,2025-05-08
61,41,2025-07-23
61,59,2025-02-19
61,58,2025-02-24
61,21,2025-03-27
61,10,2025-07-09
61,185,2025-02-26
61,67,2025-05-15
61,54,2025-07-13
61,146,2025-06-28
61,78,2025-03-28
61,36,2025-05-04
61,126,2025-03-30
61,159,2025-07-11
61,63,2025-02-07
61,72,2025-06-16
61,42,2025-08-12
61,193,2025-01-31
62,56,2025-05-28
62,141,2025-04-16
62,66,2025-02-21
62,65,2025-02-09
62,63,2025-03-26
63,57,2025-03-29
63,52,2025-05-07
63,56,2025-06-15
63,53,2025-06-10
63,78,2025-04-17
63,61,2025-05-16
63,28,2025-07-04
63,164,2025-06-03
63,106,2025-06-25
63,130,2025-02-08
63,194,2025-01-29
63,62,2025-07-15
63,75,2025-08-04
63,70,2025-02-24
63,49,2025-04-27
63,85,2025-03-08
63,54,2025-01-28
63,66,2025-08-08
64,66,2025-06-21
64,38,2025-07-26
64,104,2025-07-18
64,60,2025-03-13
64,46,2025-08-04
64,109,2025-04-20
64,152,2025-03-12
64,99,2025-02-21
64,85,2025-02-13
64,68,2025-07-31
64,65,2025-06-11
64,32,2025-02-04
65,64,2025-05-02
65,60,2025-04-22
65,74,2025-06-14
65,66,2025-03-27
65,36,2025-06-18
65,54,2025-01-31
66,72,2025-07-08
66,35,2025-04-06
66,97,2025-05-30
66,67,2025-06-14
66,68,2025-02-06
66,96,2025-03-18
67,65,2025-03-18
67,72,2025-03-12
67,69,2025-01-27
67,62,2025-02-21
67,107,2025-05-22
67,85,2025-06-13
67,71,2025-05-27
67,97,2025-07-07
67,103,2025-02-24
67,74,2025-04-01
67,93,2025-06-17
67,73,2025-04-29
67,70,2025-05-28
67,78,2025-06-03
67,47,2025-07-28
68,108,2025-03-14
68,105,2025-02-05
68,18,2025-06-29
68,91,2025-03-05
68,49,2025-02-20
68,66,2025-04-25
68,78,2025-03-23
68,54,2025-04-08
68,90,2025-07-31
68,93,2025-05-16
68,69,2025-03-01
68,5,2025-02-22
68,64,2025-05-07
68,71,2025-03-31
68,178,2025-05-23
68,63,2025-02-15
68,83,2025-04-28
68,45,2025-04-30
68,80,2025-07-05
68,70,2025-05-28
68,169,2025-05-08
68,65,2025-06-26
69,72,2025-04-13
69,136,2025-06-12
69,44,2025-06-16
69,139,2025-05-28
69,75,2025-02-12
69,34,2025-07-07
69,66,2025-04-16
69,76,2025-07-29
69,71,2025-03-22
69,67,2025-04-29
69,26,2025-04-28
69,106,2025-03-23
69,170,2025-03-30
69,165,2025-07-09
69,80,2025-05-05
69,50,2025-06-11
69,81,2025-06-08
69,15,2025-06-21
69,14,2025-05-20
69,70,2025-02-28
69,90,2025-07-23
69,78,2025-04-19
70,69,2025-07-20
70,66,2025-03-28
70,197,2025-02-08
70,56,2025-06-25
70,87,2025-07-30
70,76,2025-06-05
70,62,2025-05-08
70,39,2025-02-21
70,75,2025-03-11
70,74,2025-03-11
70,150,2025-08-02
70,55,2025-07-25
70,153,2025-06-25
70,71,2025-01-30
70,77,2025-03-15
70,68,2025-02-08
71,67,2025-06-18
71,181,2025-04-12
71,70,2025-06-20
71,116,2025-05-19
71,64,2025-05-27
71,63,2025-08-09
71,19,2025-06-19
71,75,2025-06-25
71,69,2025-02-04
71,104,2025-07-13
71,72,2025-02-02
71,165,2025-01-31
71,60,2025-04-12
71,106,2025-06-11
71,85,2025-02-15
71,84,2025-03-11
71,98,2025-02-13
71,83,2025-06-21
71,74,2025-05-03
71,52,2025-06-12
71,20,2025-03-24
71,130,2025-05-22
72,75,2025-05-07
72,89,2025-04-15
72,73,2025-03-29
72,50,2025-02-27
72,52,2025-05-13
72,77,2025-05-26
72,71,2025-06-07
72,62,2025-05-12
72,34,2025-04-03
72,74,2025-04-07
72,67,2025-04-15
72,69,2025-07-18
72,70,2025-02-09
72,6,2025-04-14
73,38,2025-06-21
73,72,2025-05-10
73,74,2025-05-24
73,75,2025-04-29
73,69,2025-08-01
73,79,2025-03-21
73,104,2025-06-17
73,87,2025-02-04
73,24,2025-07-06
73,48,2025-08-08
73,67,2025-06-07
73,185,2025-03-24
73,56,2025-03-16
73,81,2025-03-17
73,89,2025-02-09
74,75,2025-05-29
74,7,2025-07-04
74,71,2025-06-23
74,43,2025-05-20
74,72,2025-06-15
74,21,2025-05-07
74,41,2025-03-20
74,73,2025-06-11
74,55,2025-04-07
74,76,2025-03-25
74,80,2025-02-26
74,91,2025-02-18
74,64,2025-05-18
74,60,2025-06-08
74,48,2025-01-29
74,77,2025-04-09
74,81,2025-02-08
74,14,2025-03-01
75,141,2025-04-17
75,31,2025-06-30
75,76,2025-02-06
75,82,2025-05-14
75,109,2025-06-30
75,92,2025-07-08
75,73,2025-02-09
75,95,2025-03-26
75,42,2025-04-09
75,119,2025-06-26
75,74,2025-03-27
75,78,2025-03-01
75,83,2025-07-28
75,34,2025-03-31
75,69,2025-08-04
75,51,2025-07-24
75,127,2025-02-22
75,59,2025-07-31
75,182,2025-01-29
75,68,2025-08-11
76,64,2025-07-08
76,91,2025-03-04
76,80,2025-06-14
76,77,2025-07-26
76,83,2025-02-12
76,68,2025-07-05
76,196,2025-08-10
76,173,2025-06-18
76,66,2025-04-05
76,81,2025-04-18
76,39,2025-05-09
76,20,2025-07-28
76,70,2025-03-07
76,75,2025-03-02
76,109,2025-02-23
76,84,2025-03-08
76,96,2025-04-11
76,74,2025-02-25
77,75,2025-08-08
77,186,2025-08-11
77,26,2025-03-29
77,110,2025-03-24
77,79,2025-04-29
77,76,2025-08-09
77,85,2025-08-08
77,78,2025-03-30
77,112,2025-02-09
77,123,2025-06-03
77,72,2025-03-28
77,128,2025-05-31
77,68,2025-08-08
77,80,2025-04-06
77,57,2025-02-15
77,95,2025-02-21
77,146,2025-04-24
77,53,2025-06-28
77,61,2025-07-16
77,179,2025-07-19
78,65,2025-07-05
78,106,2025-06-12
78,79,2025-06-24
78,72,2025-03-07
78,112,2025-03-31
78,77,2025-06-09
78,76,2025-05-14
78,80,2025-06-05
78,63,2025-05-03
78,168,2025-07-23
78,82,2025-05-09
78,75,2025-05-01
78,91,2025-04-17
78,57,2025-03-21
78,169,2025-06-11
78,71,2025-02-15
78,41,2025-06-16
78,51,2025-05-28
78,84,2025-02-18
78,70,2025-07-23
78,121,2025-02-26
79,78,2025-01-30
79,73,2025-08-04
79,82,2025-07-20
79,85,2025-05-01
79,64,2025-05-07
79,25,2025-05-08
79,88,2025-03-24
79,83,2025-04-13
79,104,2025-07-29
79,96,2025-03-02
79,81,2025-08-10
79,111,2025-02-14
79,69,2025-06-30
79,53,2025-07-22
79,74,2025-04-07
79,35,2025-04-23
79,80,2025-02-28
79,143,2025-01-24
79,26,2025-05-20
79,56,2025-03-21
79,142,2025-07-19
79,76,2025-03-30
79,84,2025-08-02
79,17,2025-06-15
79,47,2025-06-19
80,185,2025-04-13
80,165,2025-06-04
80,4,2025-08-01
80,154,2025-07-24
80,83,2025-02-18
80,112,2025-06-02
80,79,2025-03-26
80,81,2025-03-21
80,84,2025-02-25
80,60,2025-08-04
80,21,2025-06-28
80,76,2025-05-24
80,86,2025-08-08
80,70,2025-06-20
80,169,2025-03-15
80,49,2025-07-07
80,67,2025-02-01
80,85,2025-02-11
80,119,2025-05-03
80,161,2025-07-24
80,93,2025-05-28
80,78,2025-07-02
80,89,2025-03-21
81,113,2025-03-20
81,82,2025-05-05
81,22,2025-02-20
81,141,2025-03-27
81,86,2025-05-20
81,72,2025-05-06
81,85,2025-01-31
81,80,2025-02-04
81,53,2025-07-08
81,200,2025-02-17
81,26,2025-02-08
81,182,2025-07-23
82,81,2025-02-03
82,114,2025-05-16
82,95,2025-07-30
82,83,2025-07-18
82,91,2025-04-23
82,117,2025-06-14
82,79,2025-07-24
82,86,2025-05-17
82,99,2025-03-11
82,93,2025-01-28
82,98,2025-03-08
82,101,2025-03-13
82,58,2025-05-03
82,5,2025-01-26
82,80,2025-05-21
82,87,2025-08-05
82,76,2025-03-03
82,78,2025-06-04
82,65,2025-01-24
82,75,2025-04-19
82,64,2025-04-09
83,43,2025-05-13
83,85,2025-03-24
83,87,2025-05-08
83,82,2025-04-24
83,81,2025-06-26
83,113,2025-02-19
83,84,2025-03-16
83,19,2025-02-24
83,80,2025-05-07
83,77,2025-07-22
83,90,2025-01-27
83,88,2025-03-07
84,86,2025-06-10
84,95,2025-02-11
84,102,2025-07-25
84,91,2025-07-22
84,159,2025-06-05
84,14,2025-07-04
84,72,2025-05-07
84,7,2025-02-11
84,87,2025-01-24
84,126,2025-03-03
84,77,2025-07-04
84,140,2025-02-04
84,38,2025-05-05
84,144,2025-05-23
85,83,2025-07-16
85,55,2025-07-20
85,86,2025-08-11
85,79,2025-05-26
85,80,2025-04-21
85,81,2025-05-12
85,101,2025-01-30
85,87,2025-06-04
85,92,2025-07-17
85,84,2025-07-10
85,60,2025-07-21
85,71,2025-06-26
85,90,2025-04-24
85,58,2025-04-20
85,89,2025-03-23
85,104,2025-03-23
86,57,2025-04-30
86,87,2025-07-17
86,80,2025-08-06
86,165,2025-07-21
86,85,2025-05-14
86,102,2025-03-24
86,31,2025-07-20
86,89,2025-03-13
86,156,2025-03-12
86,88,2025-01-24
86,105,2025-05-21
86,122,2025-05-06
86,77,2025-08-09
86,76,2025-05-30
86,109,2025-04-29
86,128,2025-05-05
86,84,2025-01-25
86,78,2025-07-22
86,113,2025-02-08
86,71,2025-03-22
86,121,2025-06-11
87,86,2025-04-01
87,91,2025-06-30
87,54,2025-02-18
87,89,2025-05-07
87,71,2025-06-30
87,95,2025-07-08
87,116,2025-06-05
87,77,2025-05-27
87,19,2025-06-05
87,90,2025-04-08
87,88,2025-07-06
87,79,2025-07-27
87,85,2025-07-01
87,187,2025-04-23
87,65,2025-06-03
87,92,2025-04-27
87,82,2025-05-28
87,107,2025-04-11
87,104,2025-01-24
87,195,2025-07-24
87,47,2025-05-12
87,41,2025-06-09
87,108,2025-06-10
88,90,2025-04-08
88,83,2025-03-13
88,49,2025-03-08
88,51,2025-06-23
88,127,2025-04-17
88,75,2025-07-16
88,85,2025-07-09
88,79,2025-05-27
88,86,2025-08-11
88,44,2025-05-03
88,89,2025-05-19
88,103,2025-03-07
88,80,2025-05-07
88,122,2025-05-20
88,91,2025-04-22
88,92,2025-05-19
88,194,2025-04-24
88,95,2025-02-27
88,87,2025-03-13
88,29,2025-07-09
88,93,2025-05-28
88,173,2025-05-22
88,62,2025-03-11
88,101,2025-02-16
88,66,2025-06-22
89,90,2025-05-24
89,56,2025-06-28
89,88,2025-05-03
89,99,2025-05-23
89,86,2025-05-30
89,93,2025-02-05
89,103,2025-02-16
89,143,2025-03-03
89,81,2025-04-09
89,70,2025-03-18
89,192,2025-01-24
89,142,2025-06-11
89,112,2025-05-21
89,91,2025-05-08
89,53,2025-06-02
89,98,2025-05-04
89,65,2025-05-11
89,123,2025-07-14
89,114,2025-03-21
89,104,2025-06-22
90,28,2025-03-26
90,86,2025-06-27
90,84,2025-02-19
90,88,2025-01-28
90,53,2025-03-25
90,149,2025-08-06
90,91,2025-02-07
90,89,2025-04-16
90,92,2025-02-12
90,139,2025-06-20
90,192,2025-04-22
90,115,2025-05-30
90,79,2025-02-16
90,145,2025-07-26
90,62,2025-04-30
90,108,2025-02-21
90,122,2025-04-07
90,119,2025-07-08
90,118,2025-03-03
90,114,2025-05-27
90,80,2025-06-12
90,38,2025-06-09
90,85,2025-02-25
91,75,2025-02-10
91,96,2025-04-26
91,88,2025-05-08
91,177,2025-07-25
91,94,2025-04-20
91,109,2025-03-12
91,67,2025-04-12
91,118,2025-03-16
91,141,2025-05-02
92,91,2025-04-05
92,94,2025-02-16
92,102,2025-04-27
92,76,2025-03-26
92,93,2025-08-03
92,90,2025-05-12
92,71,2025-02-14
92,46,2025-03-28
92,21,2025-03-13
92,69,2025-03-02
92,167,2025-07-22
92,169,2025-07-16
92,88,2025-01-28
92,60,2025-06-10
92,95,2025-02-25
92,82,2025-02-23
92,104,2025-05-14
92,58,2025-07-01
92,31,2025-02-28
92,119,2025-03-09
92,89,2025-08-01
92,29,2025-03-21
93,195,2025-02-20
93,41,2025-02-28
93,98,2025-05-02
93,184,2025-02-01
93,85,2025-05-20
93,71,2025-04-24
93,66,2025-07-16
93,89,2025-08-10
93,60,2025-07-18
93,44,2025-06-07
93,94,2025-06-17
93,197,2025-04-04
93,109,2025-02-02
93,95,2025-04-02
93,92,2025-03-23
93,68,2025-03-17
93,127,2025-02-17
93,80,2025-03-18
93,91,2025-06-17
93,128,2025-04-20
93,112,2025-05-09
93,116,2025-05-04
93,7,2025-04-16
93,90,2025-01-27
93,96,2025-02-20
94,17,2025-02-17
94,87,2025-04-06
94,103,2025-07-05
94,71,2025-05-16
94,95,2025-08-06
94,83,2025-04-11
94,11,2025-07-17
94,86,2025-05-29
94,178,2025-04-28
94,108,2025-07-22
94,165,2025-07-14
94,93,2025-02-07
94,63,2025-07-07
94,116,2025-05-15
94,59,2025-05-25
94,73,2025-05-17
94,91,2025-04-18
94,101,2025-01-24
94,92,2025-06-21
94,90,2025-04-01
94,96,2025-04-11
94,119,2025-05-15
94,145,2025-04-13
95,162,2025-04-22
95,107,2025-02-09
95,91,2025-02-15
95,99,2025-04-19
95,94,2025-05-23
95,88,2025-07-26
95,116,2025-05-28
95,31,2025-08-01
96,135,2025-08-07
96,95,2025-05-17
96,99,2025-02-28
96,132,2025-07-16
96,98,2025-02-20
96,47,2025-07-01
96,97,2025-02-04
96,69,2025-06-11
97,104,2025-06-29
97,98,2025-03-24
97,101,2025-07-03
97,34,2025-05-20
97,56,2025-03-22
97,103,2025-04-25
97,50,2025-04-16
97,12,2025-06-14
97,164,2025-05-01
97,94,2025-03-04
97,92,2025-06-26
97,108,2025-06-26
97,100,2025-03-02
97,82,2025-02-25
97,80,2025-04-24
97,61,2025-05-03
97,107,2025-08-05
97,86,2025-02-05
97,15,2025-03-08
97,46,2025-06-23
97,179,2025-04-19
98,93,2025-04-25
98,108,2025-05-05
98,100,2025-08-11
98,96,2025-02-13
98,86,2025-06-19
98,69,2025-06-21
98,109,2025-06-02
98,101,2025-02-01
98,99,2025-02-13
98,34,2025-07-27
98,173,2025-03-18
98,111,2025-07-17
98,182,2025-03-28
98,106,2025-06-26
98,113,2025-05-11
98,71,2025-05-21
98,95,2025-06-23
98,148,2025-04-17
98,78,2025-07-14
98,91,2025-06-06
98,94,2025-02-22
98,97,2025-04-09
98,103,2025-03-30
99,156,2025-05-24
99,90,2025-03-13
99,70,2025-05-05
99,86,2025-03-09
99,131,2025-05-04
99,102,2025-03-15
99,94,2025-07-14
99,115,2025-05-15
99,124,2025-05-14
99,121,2025-04-17
99,144,2025-03-07
99,91,2025-06-29
99,108,2025-02-21
99,98,2025-02-13
99,120,2025-05-28
99,106,2025-03-08
99,110,2025-03-14
99,83,2025-07-22
99,100,2025-02-21
99,186,2025-07-09
99,153,2025-05-24
99,35,2025-07-13
99,80,2025-06-12
99,73,2025-05-26
99,111,2025-07-14
100,116,2025-05-09
100,88,2025-02-16
100,101,2025-07-07
100,120,2025-04-04
100,107,2025-05-05
100,102,2025-04-27
100,95,2025-03-13
100,106,2025-07-08
100,136,2025-03-18
100,104,2025-05-06
101,110,2025-06-26
101,81,2025-04-10
101,100,2025-03-03
101,10,2025-03-28
101,93,2025-02-16
101,107,2025-02-28
101,193,2025-06-29
101,64,2025-03-23
101,99,2025-07-01
101,114,2025-04-09
101,88,2025-05-31
101,102,2025-07-08
101,108,2025-06-26
101,103,2025-05-24
101,86,2025-04-19
101,98,2025-03-07
101,112,2025-07-30
101,4,2025-05-13
102,111,2025-04-10
102,31,2025-07-09
102,110,2025-06-24
102,89,2025-05-06
102,167,2025-03-22
103,101,2025-02-26
103,99,2025-04-08
103,80,2025-04-30
103,98,2025-02-18
103,131,2025-04-09
103,197,2025-04-28
103,102,2025-02-12
103,109,2025-04-21
103,134,2025-04-09
103,105,2025-07-01
103,107,2025-07-22
103,4,2025-03-21
103,100,2025-08-05
103,115,2025-01-30
103,63,2025-06-17
103,104,2025-05-30
103,113,2025-08-04
103,34,2025-06-03
103,110,2025-06-16
103,108,2025-03-28
103,112,2025-05-31
104,108,2025-01-25
104,117,2025-04-17
104,97,2025-03-21
104,121,2025-02-03
104,103,2025-01-27
104,56,2025-01-28
104,47,2025-04-08
104,101,2025-03-25
104,115,2025-04-04
104,109,2025-07-15
105,116,2025-07-14
105,106,2025-06-05
105,104,2025-01-26
105,81,2025-03-26
105,101,2025-05-11
105,62,2025-03-27
105,94,2025-01-31
105,107,2025-08-02
105,112,2025-01-30
105,199,2025-02-09
105,154,2025-04-22
105,108,2025-03-26
105,73,2025-06-18
105,103,2025-04-26
105,124,2025-07-17
105,89,2025-02-05
105,96,2025-02-26
105,95,2025-02-01
105,16,2025-06-10
105,15,2025-05-28
105,138,2025-08-04
105,87,2025-04-19
105,102,2025-06-06
106,101,2025-07-21
106,158,2025-04-22
106,98,2025-07-13
106,105,2025-01-26
106,132,2025-06-13
106,125,2025-06-20
106,90,2025-02-05
106,119,2025-03-15
106,79,2025-02-17
106,59,2025-05-15
106,112,2025-02-12
106,117,2025-03-09
106,80,2025-03-04
106,108,2025-04-25
106,73,2025-07-01
106,116,2025-03-08
107,110,2025-01-24
107,167,2025-06-21
107,54,2025-06-21
107,47,2025-07-28
107,101,2025-03-20
107,99,2025-05-15
107,98,2025-03-29
107,143,2025-06-02
107,102,2025-03-13
108,116,2025-06-30
108,107,2025-05-22
108,118,2025-02-13
108,52,2025-05-30
108,31,2025-05-30
108,51,2025-03-19
108,144,2025-06-05
108,82,2025-04-03
108,109,2025-02-20
108,106,2025-07-19
108,105,2025-07-09
108,142,2025-02-01
108,22,2025-04-29
108,111,2025-07-28
108,172,2025-06-03
108,157,2025-02-26
108,44,2025-07-11
108,100,2025-02-14
108,114,2025-07-10
108,190,2025-06-10
108,89,2025-07-06
108,115,2025-02-11
109,94,2025-06-10
109,110,2025-01-30
109,108,2025-02-20
109,178,2025-05-04
109,111,2025-04-09
109,106,2025-07-07
109,75,2025-03-18
109,85,2025-03-04
109,98,2025-06-05
109,100,2025-03-05
109,129,2025-04-28
109,131,2025-05-08
109,121,2025-04-19
109,41,2025-07-24
109,120,2025-03-03
110,111,2025-05-01
110,62,2025-04-03
110,109,2025-02-02
110,89,2025-06-02
110,162,2025-02-16
110,130,2025-05-10
110,116,2025-04-18
111,110,2025-05-21
111,109,2025-03-17
111,114,2025-08-12
111,112,2025-01-26
111,52,2025-02-06
111,124,2025-07-20
111,45,2025-02-06
111,121,2025-04-17
111,96,2025-03-03
111,103,2025-02-23
111,90,2025-02-15
111,107,2025-05-13
111,119,2025-07-27
111,97,2025-03-29
111,137,2025-05-03
111,138,2025-06-18
111,135,2025-04-25
111,88,2025-06-19
111,108,2025-04-08
111,192,2025-06-05
112,121,2025-06-01
112,27,2025-05-18
112,54,2025-03-25
112,111,2025-03-18
112,147,2025-07-10
112,113,2025-03-21
112,73,2025-04-10
112,115,2025-05-17
112,127,2025-02-19
112,110,2025-01-29
112,174,2025-07-31
112,98,2025-08-01
112,99,2025-07-18
112,131,2025-03-05
112,114,2025-01-24
113,115,2025-08-08
113,124,2025-07-12
113,111,2025-07-03
113,150,2025-04-22
113,114,2025-04-18
113,90,2025-08-12
113,117,2025-04-25
113,108,2025-06-22
113,134,2025-02-17
113,147,2025-07-10
113,106,2025-02-27
113,187,2025-05-27
113,86,2025-07-03
113,98,2025-06-03
113,95,2025-07-20
113,143,2025-02-26
113,116,2025-05-12
113,89,2025-06-09
113,110,2025-07-22
114,116,2025-02-23
114,65,2025-02-27
114,140,2025-07-01
114,126,2025-07-30
114,113,2025-05-03
114,176,2025-03-05
114,112,2025-05-26
114,188,2025-02-08
114,117,2025-02-14
114,93,2025-01-31
114,92,2025-06-14
114,14,2025-04-25
114,115,2025-02-26
114,111,2025-07-20
114,125,2025-02-13
114,154,2025-07-19
115,63,2025-06-19
115,121,2025-04-12
115,98,2025-07-24
115,136,2025-07-10
115,129,2025-03-14
116,117,2025-04-02
116,121,2025-02-19
116,111,2025-04-21
116,115,2025-08-10
116,130,2025-08-10
116,113,2025-02-15
116,131,2025-05-17
116,112,2025-07-13
116,96,2025-04-26
116,141,2025-02-16
116,59,2025-07-10
116,95,2025-04-12
117,89,2025-06-15
117,114,2025-05-06
117,116,2025-07-21
117,124,2025-02-06
117,119,2025-07-17
117,140,2025-07-17
117,115,2025-05-24
118,185,2025-05-28
118,120,2025-07-08
118,85,2025-05-07
118,121,2025-01-26
118,114,2025-02-01
118,60,2025-07-09
118,98,2025-03-01
118,137,2025-02-20
118,106,2025-07-07
118,134,2025-07-26
118,111,2025-03-30
118,122,2025-03-21
118,117,2025-08-10
118,113,2025-03-09
118,94,2025-02-27
118,25,2025-07-01
119,113,2025-05-15
119,121,2025-02-09
119,163,2025-06-19
119,141,2025-03-05
119,127,2025-02-02
119,129,2025-07-05
119,122,2025-04-29
119,110,2025-03-08
119,151,2025-02-18
119,120,2025-04-21
119,80,2025-06-18
119,118,2025-07-21
119,140,2025-07-18
119,116,2025-07-08
119,184,2025-02-01
119,112,2025-07-12
119,28,2025-03-15
119,132,2025-02-07
119,166,2025-05-06
120,113,2025-04-25
120,139,2025-05-24
120,114,2025-07-08
120,153,2025-06-10
120,127,2025-06-03
120,131,2025-02-28
120,20,2025-07-22
120,175,2025-06-10
120,125,2025-03-24
120,134,2025-03-12
120,142,2025-03-12
120,81,2025-02-09
120,124,2025-03-10
120,121,2025-06-01
120,65,2025-01-25
120,103,2025-02-17
121,15,2025-02-25
121,120,2025-05-27
121,115,2025-06-21
121,122,2025-04-02
121,110,2025-03-10
122,128,2025-06-25
122,47,2025-02-02
122,152,2025-05-04
122,140,2025-05-29
122,125,2025-02-28
122,123,2025-07-30
122,149,2025-01-24
122,103,2025-06-12
122,67,2025-04-08
122,111,2025-05-06
122,132,2025-07-15
122,36,2025-06-12
122,197,2025-04-07
122,121,2025-03-02
122,58,2025-03-13
122,136,2025-07-25
122,84,2025-03-30
122,75,2025-08-09
122,163,2025-05-12
122,126,2025-05-23
122,143,2025-07-10
123,146,2025-03-20
123,124,2025-04-27
123,122,2025-05-11
123,121,2025-03-26
123,118,2025-02-19
123,131,2025-06-29
123,149,2025-01-29
123,125,2025-04-14
123,127,2025-01-27
123,112,2025-07-25
123,80,2025-08-08
123,114,2025-03-15
123,119,2025-07-26
123,130,2025-08-09
123,179,2025-06-06
123,128,2025-06-18
123,136,2025-08-02
124,123,2025-05-03
124,126,2025-04-05
124,63,2025-05-31
124,114,2025-03-05
124,121,2025-02-11
124,39,2025-04-06
125,94,2025-04-26
125,117,2025-02-14
125,182,2025-05-02
125,121,2025-07-22
125,124,2025-03-02
125,108,2025-03-28
125,126,2025-03-28
125,118,2025-03-08
125,109,2025-07-04
125,7,2025-06-02
125,10,2025-07-22
125,111,2025-05-25
125,39,2025-07-23
125,83,2025-04-04
125,135,2025-06-21
125,127,2025-07-04
125,114,2025-03-28
125,170,2025-05-21
126,124,2025-03-15
126,73,2025-03-03
126,128,2025-01-29
126,86,2025-02-27
126,122,2025-02-19
126,125,2025-03-01
126,147,2025-07-27
126,130,2025-05-25
126,195,2025-02-15
126,92,2025-04-23
126,118,2025-02-07
126,156,2025-06-12
126,129,2025-07-29
126,114,2025-06-11
126,144,2025-07-21
126,179,2025-04-23
126,2,2025-07-14
127,129,2025-03-09
127,51,2025-03-10
127,117,2025-07-29
127,57,2025-05-25
127,128,2025-02-23
127,130,2025-02-04
127,87,2025-02-25
127,124,2025-02-04
127,126,2025-06-29
127,89,2025-07-13
127,125,2025-08-09
127,133,2025-02-12
127,65,2025-07-08
127,70,2025-02-14
127,123,2025-08-10
127,168,2025-07-02
127,114,2025-04-07
127,132,2025-05-16
127,8,2025-04-01
128,130,2025-01-24
128,158,2025-02-09
128,129,2025-06-07
128,148,2025-07-01
128,133,2025-05-09
128,90,2025-07-11
128,155,2025-02-02
128,62,2025-01-25
128,97,2025-06-05
128,15,2025-02-06
128,126,2025-07-13
128,121,2025-01-27
128,127,2025-08-05
128,46,2025-05-19
128,91,2025-04-25
128,124,2025-06-04
128,153,2025-03-31
128,137,2025-07-27
128,122,2025-06-06
128,136,2025-02-11
128,109,2025-03-18
129,123,2025-07-24
129,138,2025-04-07
129,128,2025-04-18
129,141,2025-04-04
129,146,2025-05-12
129,160,2025-07-29
129,127,2025-04-07
129,124,2025-03-20
129,130,2025-07-01
129,126,2025-05-10
129,133,2025-07-03
129,132,2025-06-08
129,105,2025-01-27
129,98,2025-07-17
129,153,2025-03-19
129,125,2025-02-21
129,102,2025-02-08
129,29,2025-07-14
129,131,2025-06-15
129,42,2025-02-04
129,116,2025-04-04
129,107,2025-08-12
129,139,2025-08-01
129,135,2025-08-09
129,112,2025-06-11
130,115,2025-04-14
130,193,2025-05-11
130,129,2025-05-06
130,133,2025-07-05
130,98,2025-06-28
130,28,2025-08-03
131,130,2025-02-11
131,180,2025-02-04
131,128,2025-02-26
131,43,2025-04-27
131,35,2025-06-16
131,105,2025-05-22
131,28,2025-06-10
131,137,2025-04-28
131,124,2025-02-09
131,157,2025-05-23
131,90,2025-06-04
131,176,2025-07-24
131,125,2025-03-19
131,154,2025-05-09
131,132,2025-07-13
131,143,2025-04-06
131,190,2025-02-21
131,178,2025-07-30
131,123,2025-06-28
131,120,2025-06-16
131,133,2025-04-02
131,88,2025-08-01
132,133,2025-07-26
132,138,2025-04-15
132,145,2025-06-01
132,130,2025-01-26
132,126,2025-05-25
132,122,2025-05-21
132,113,2025-07-21
132,58,2025-03-24
132,128,2025-04-18
132,123,2025-08-10
132,181,2025-05-10
132,99,2025-06-22
132,131,2025-05-30
132,136,2025-03-21
132,134,2025-01-24
132,127,2025-05-27
132,198,2025-02-04
133,153,2025-06-11
133,134,2025-04-16
133,115,2025-05-10
133,131,2025-03-14
133,44,2025-04-08
133,132,2025-01-27
133,119,2025-01-26
133,180,2025-06-23
133,160,2025-02-06
133,137,2025-03-26
133,151,2025-01-30
133,97,2025-06-11
133,141,2025-07-05
133,95,2025-08-11
133,142,2025-04-30
133,125,2025-08-06
133,172,2025-06-14
133,103,2025-03-27
133,192,2025-05-16
133,129,2025-03-03
133,158,2025-02-16
133,135,2025-08-10
133,124,2025-05-19
133,116,2025-08-12
134,116,2025-02-05
134,140,2025-02-07
134,131,2025-05-26
134,133,2025-07-17
134,135,2025-06-21
134,151,2025-03-30
134,189,2025-06-13
134,132,2025-04-27
134,146,2025-04-09
134,177,2025-07-28
134,89,2025-07-07
134,149,2025-02-11
134,156,2025-06-02
134,165,2025-07-20
134,47,2025-08-01
134,163,2025-06-14
134,128,2025-04-01
135,134,2025-02-14
135,136,2025-05-09
135,166,2025-04-17
135,24,2025-02-02
135,138,2025-07-22
135,139,2025-03-17
135,100,2025-07-19
135,128,2025-04-05
135,131,2025-07-09
135,144,2025-03-02
135,127,2025-05-04
135,119,2025-07-24
135,178,2025-03-14
135,12,2025-03-20
135,199,2025-07-28
135,154,2025-04-23
135,118,2025-02-24
135,14,2025-07-10
136,141,2025-05-30
136,148,2025-06-07
136,103,2025-05-24
136,142,2025-05-04
136,138,2025-02-14
136,150,2025-02-05
136,137,2025-05-21
136,80,2025-05-23
136,135,2025-04-19
136,58,2025-06-04
136,129,2025-06-14
136,50,2025-07-24
137,133,2025-07-09
137,92,2025-01-25
137,146,2025-01-27
137,175,2025-03-16
137,70,2025-07-16
137,178,2025-07-04
137,136,2025-07-16
137,130,2025-07-01
137,73,2025-04-19
137,145,2025-04-15
137,141,2025-05-24
138,54,2025-07-13
138,71,2025-03-28
138,136,2025-05-13
138,131,2025-01-27
138,124,2025-06-20
138,130,2025-04-19
138,147,2025-05-26
138,169,2025-04-16
138,163,2025-06-06
138,132,2025-07-13
138,137,2025-07-20
138,123,2025-07-03
138,140,2025-02-18
138,189,2025-05-27
138,139,2025-02-13
138,134,2025-02-15
138,75,2025-03-11
138,168,2025-08-02
139,138,2025-05-21
139,140,2025-07-06
139,71,2025-07-20
139,142,2025-02-11
139,126,2025-06-10
139,143,2025-05-13
139,150,2025-05-03
139,148,2025-04-03
139,136,2025-07-31
139,90,2025-02-20
139,151,2025-05-28
140,131,2025-06-29
140,139,2025-08-05
140,132,2025-05-01
140,103,2025-04-19
140,141,2025-03-23
140,59,2025-02-02
140,145,2025-03-25
140,134,2025-06-10
140,1,2025-07-19
140,52,2025-04-16
140,143,2025-07-17
140,51,2025-07-08
140,159,2025-07-12
141,6,2025-07-28
141,129,2025-01-25
141,145,2025-06-17
141,135,2025-07-10
141,90,2025-06-23
142,138,2025-05-09
142,132,2025-02-18
142,154,2025-03-04
142,136,2025-02-28
142,149,2025-07-22
142,162,2025-03-16
142,140,2025-03-15
142,166,2025-06-07
142,139,2025-07-24
142,183,2025-08-07
142,83,2025-07-27
142,145,2025-06-23
142,141,2025-02-28
142,143,2025-04-21
142,6,2025-07-11
142,92,2025-07-20
142,150,2025-05-20
143,145,2025-08-02
143,184,2025-04-16
143,148,2025-07-31
143,178,2025-06-30
143,146,2025-03-19
143,136,2025-04-24
143,93,2025-02-08
143,150,2025-05-03
144,146,2025-08-05
144,55,2025-05-07
144,140,2025-02-19
144,181,2025-04-25
144,143,2025-06-29
144,142,2025-05-14
144,126,2025-06-19
144,58,2025-06-26
144,150,2025-06-03
144,154,2025-06-02
144,157,2025-04-20
144,161,2025-07-05
144,127,2025-08-04
144,148,2025-03-08
144,145,2025-03-07
144,129,2025-03-08
144,91,2025-06-11
144,147,2025-02-28
144,151,2025-05-29
144,131,2025-04-07
145,147,2025-03-25
145,142,2025-04-12
145,148,2025-07-28
145,125,2025-07-21
145,164,2025-06-02
145,137,2025-05-06
145,141,2025-07-08
145,63,2025-04-27
145,97,2025-06-22
145,144,2025-03-01
145,135,2025-03-31
145,156,2025-06-10
145,20,2025-03-04
145,140,2025-03-26
145,26,2025-08-08
145,103,2025-05-07
145,143,2025-01-24
145,146,2025-02-11
146,143,2025-04-12
146,145,2025-03-26
146,147,2025-01-24
146,14,2025-04-10
146,184,2025-05-16
146,148,2025-03-21
146,139,2025-04-06
146,152,2025-05-22
146,189,2025-05-05
146,104,2025-06-04
146,23,2025-06-27
146,160,2025-08-06
146,83,2025-05-23
146,123,2025-03-13
146,18,2025-06-17
146,127,2025-08-05
147,153,2025-07-29
147,146,2025-04-14
147,142,2025-03-30
147,143,2025-05-13
147,2,2025-01-28
147,139,2025-03-16
147,149,2025-06-14
147,189,2025-07-03
147,159,2025-07-18
147,31,2025-06-10
147,167,2025-02-25
147,145,2025-06-12
147,141,2025-06-05
148,141,2025-02-05
148,71,2025-07-29
148,132,2025-01-29
148,135,2025-06-17
148,147,2025-03-18
148,152,2025-05-05
148,64,2025-05-14
148,183,2025-06-29
148,178,2025-06-28
148,154,2025-06-13
148,196,2025-03-14
148,184,2025-05-23
148,78,2025-02-05
148,144,2025-02-15
148,126,2025-05-13
148,111,2025-03-14
148,149,2025-08-05
148,96,2025-02-13
148,161,2025-02-14
148,150,2025-05-14
148,140,2025-03-20
148,151,2025-03-21
149,137,2025-03-21
149,144,2025-06-25
149,172,2025-04-08
149,140,2025-03-27
149,148,2025-05-25
149,166,2025-06-29
149,152,2025-04-09
149,68,2025-08-03
149,114,2025-07-20
150,12,2025-06-14
150,151,2025-03-11
150,148,2025-06-17
150,110,2025-08-07
150,183,2025-03-31
150,149,2025-04-12
151,137,2025-05-20
151,150,2025-03-08
151,153,2025-06-22
151,80,2025-07-10
151,141,2025-05-17
152,159,2025-05-22
152,150,2025-07-28
152,151,2025-08-07
152,53,2025-07-06
152,122,2025-03-15
152,132,2025-02-13
152,59,2025-07-07
152,162,2025-01-26
152,194,2025-07-15
152,160,2025-03-31
153,164,2025-07-25
153,139,2025-05-09
153,185,2025-02-13
153,131,2025-02-24
153,183,2025-05-03
153,198,2025-03-15
153,156,2025-07-18
153,193,2025-05-18
153,154,2025-05-27
153,141,2025-05-22
153,151,2025-07-09
153,78,2025-07-03
153,129,2025-02-06
153,161,2025-04-23
153,174,2025-03-02
153,181,2025-04-10
154,186,2025-05-23
154,153,2025-06-29
154,191,2025-02-12
154,158,2025-03-22
154,122,2025-02-16
154,157,2025-03-08
154,140,2025-05-13
154,155,2025-06-16
154,156,2025-02-23
154,123,2025-03-15
154,159,2025-06-29
154,18,2025-05-08
154,13,2025-05-26
154,149,2025-02-06
154,177,2025-02-17
154,137,2025-05-29
154,136,2025-07-11
154,147,2025-06-28
154,165,2025-02-07
154,93,2025-08-12
154,145,2025-02-14
154,26,2025-03-19
154,148,2025-05-04
154,152,2025-01-27
154,78,2025-03-20
155,146,2025-06-27
155,152,2025-03-11
155,176,2025-05-23
155,198,2025-03-09
155,55,2025-06-17
155,159,2025-03-02
156,152,2025-07-17
156,153,2025-04-07
156,160,2025-07-07
156,176,2025-05-20
156,184,2025-02-03
156,157,2025-07-24
156,151,2025-06-13
156,162,2025-05-16
156,142,2025-05-23
156,155,2025-07-01
156,141,2025-03-03
156,132,2025-07-21
156,98,2025-02-12
156,138,2025-02-22
156,49,2025-03-02
156,46,2025-02-07
156,128,2025-05-19
156,168,2025-04-20
156,146,2025-08-10
156,189,2025-06-06
156,158,2025-06-20
156,149,2025-06-10
156,154,2025-02-16
157,161,2025-05-15
157,147,2025-06-08
157,152,2025-07-16
157,173,2025-02-09
157,183,2025-08-12
157,172,2025-07-31
157,154,2025-05-06
158,163,2025-02-06
158,157,2025-04-27
158,136,2025-07-01
158,159,2025-04-29
158,132,2025-04-08
158,152,2025-05-08
158,168,2025-05-15
158,137,2025-03-26
158,79,2025-05-08
158,77,2025-07-18
158,182,2025-04-12
158,155,2025-03-18
158,165,2025-02-27
158,167,2025-01-30
158,160,2025-02-18
158,161,2025-06-16
158,97,2025-07-02
158,177,2025-04-19
158,154,2025-07-25
159,149,2025-05-29
159,156,2025-08-07
159,49,2025-05-23
159,113,2025-06-07
159,163,2025-07-17
159,1,2025-07-25
160,157,2025-06-30
160,159,2025-05-08
160,66,2025-07-02
160,191,2025-02-06
160,142,2025-07-24
160,152,2025-03-25
160,143,2025-07-20
160,3,2025-05-18
160,163,2025-03-13
160,189,2025-03-08
160,161,2025-04-11
160,169,2025-02-13
160,153,2025-08-05
160,140,2025-04-24
160,144,2025-02-26
161,163,2025-03-10
161,168,2025-04-23
161,133,2025-07-03
161,157,2025-07-30
161,176,2025-07-18
161,167,2025-05-20
161,195,2025-06-21
161,165,2025-06-25
161,162,2025-04-30
161,160,2025-02-15
162,86,2025-02-09
162,161,2025-02-07
162,164,2025-03-27
162,130,2025-06-06
162,167,2025-02-24
162,163,2025-06-01
162,186,2025-05-28
162,54,2025-06-13
162,149,2025-07-19
162,153,2025-07-31
162,166,2025-05-04
162,102,2025-03-19
162,157,2025-03-25
162,182,2025-04-09
162,169,2025-07-04
162,160,2025-07-30
162,187,2025-05-12
162,165,2025-08-12
162,168,2025-04-25
162,178,2025-07-21
162,129,2025-05-29
162,174,2025-02-24
163,138,2025-03-12
163,157,2025-04-12
163,194,2025-06-22
163,172,2025-07-19
163,165,2025-08-06
163,166,2025-06-21
163,162,2025-06-30
163,186,2025-03-02
163,159,2025-05-30
163,129,2025-07-23
163,168,2025-04-13
163,35,2025-07-14
163,171,2025-05-26
163,17,2025-01-24
163,191,2025-05-03
163,161,2025-04-14
163,146,2025-04-09
163,169,2025-02-24
163,193,2025-06-06
163,46,2025-07-20
163,158,2025-03-01
163,164,2025-03-26
163,177,2025-05-05
163,110,2025-06-26
163,173,2025-05-10
164,163,2025-05-10
164,160,2025-06-26
164,118,2025-04-20
164,174,2025-08-01
164,128,2025-06-06
164,156,2025-04-22
164,154,2025-04-15
164,175,2025-06-06
164,165,2025-06-16
164,169,2025-06-05
164,149,2025-03-21
164,171,2025-07-28
164,179,2025-07-05
164,18,2025-02-01
164,166,2025-02-15
164,45,2025-02-23
164,161,2025-07-19
165,154,2025-02-22
165,156,2025-05-16
165,159,2025-03-27
165,166,2025-04-29
165,158,2025-01-31
165,168,2025-03-15
165,162,2025-06-15
166,80,2025-07-28
166,170,2025-05-05
166,155,2025-04-01
166,163,2025-04-27
166,168,2025-03-28
166,159,2025-02-18
166,69,2025-04-13
166,161,2025-03-19
166,186,2025-06-13
166,167,2025-04-13
166,141,2025-05-28
166,169,2025-07-23
166,103,2025-05-03
166,154,2025-02-11
166,195,2025-08-04
166,79,2025-04-06
166,165,2025-03-19
166,109,2025-04-02
166,194,2025-03-19
166,82,2025-02-20
166,151,2025-03-07
166,173,2025-07-06
167,169,2025-01-31
167,164,2025-04-20
167,161,2025-06-29
167,163,2025-07-01
167,153,2025-06-19
167,143,2025-06-24
167,165,2025-07-11
167,154,2025-08-02
168,157,2025-07-23
168,169,2025-02-19
168,192,2025-04-23
168,87,2025-06-22
168,86,2025-03-05
168,188,2025-07-06
168,158,2025-03-13
168,98,2025-06-07
168,155,2025-05-23
168,23,2025-02-07
168,191,2025-07-26
168,152,2025-07-21
168,170,2025-05-05
168,167,2025-03-23
168,154,2025-05-03
168,147,2025-03-24
168,178,2025-05-21
168,189,2025-06-03
169,107,2025-04-17
169,130,2025-08-09
169,188,2025-02-14
169,172,2025-03-06
169,179,2025-03-15
169,144,2025-04-01
169,168,2025-01-24
169,171,2025-04-27
169,170,2025-07-15
169,166,2025-04-28
169,23,2025-07-05
169,154,2025-07-06
169,167,2025-03-20
169,190,2025-03-15
169,165,2025-03-16
169,176,2025-01-30
169,141,2025-07-18
169,194,2025-07-16
169,105,2025-03-21
169,8,2025-01-25
169,155,2025-07-18
170,99,2025-03-28
170,173,2025-05-16
170,184,2025-04-29
170,167,2025-06-06
170,155,2025-05-06
170,172,2025-02-26
170,14,2025-04-10
170,169,2025-03-19
170,171,2025-03-10
170,153,2025-04-13
170,98,2025-08-03
170,123,2025-06-29
170,183,2025-06-03
170,175,2025-05-01
171,21,2025-03-07
171,154,2025-03-10
171,148,2025-02-19
171,158,2025-02-16
171,76,2025-05-02
171,169,2025-08-03
171,173,2025-05-03
171,172,2025-05-20
171,174,2025-02-17
172,92,2025-07-31
172,190,2025-02-03
172,178,2025-04-13
172,177,2025-06-05
172,187,2025-05-09
172,171,2025-08-07
172,146,2025-05-18
172,173,2025-05-27
172,174,2025-05-25
172,62,2025-06-02
172,158,2025-04-09
172,188,2025-02-15
173,172,2025-06-15
173,159,2025-07-09
173,168,2025-05-28
173,183,2025-02-03
173,174,2025-04-21
173,177,2025-01-26
173,171,2025-05-22
173,175,2025-06-05
174,157,2025-03-11
174,176,2025-02-28
174,171,2025-07-21
174,175,2025-06-25
174,189,2025-04-21
174,78,2025-06-19
174,179,2025-04-30
174,163,2025-02-04
174,32,2025-04-10
174,172,2025-01-30
174,71,2025-04-02
174,187,2025-05-09
174,109,2025-07-29
174,177,2025-04-03
174,162,2025-07-03
174,173,2025-07-27
174,141,2025-05-25
174,113,2025-02-12
175,136,2025-05-01
175,84,2025-07-09
175,144,2025-01-25
175,176,2025-03-31
175,183,2025-03-20
175,179,2025-08-05
175,112,2025-06-29
175,163,2025-06-24
175,165,2025-06-22
175,158,2025-07-29
175,174,2025-06-10
175,169,2025-08-04
175,168,2025-04-18
175,180,2025-07-31
175,186,2025-05-12
175,191,2025-02-13
175,167,2025-06-23
175,156,2025-06-03
175,171,2025-05-10
175,193,2025-04-16
175,185,2025-04-05
176,108,2025-03-03
176,171,2025-07-12
176,175,2025-02-19
176,174,2025-08-05
176,147,2025-06-12
176,183,2025-05-09
176,177,2025-04-09
176,181,2025-03-13
176,178,2025-04-20
176,173,2025-06-28
176,136,2025-04-13
176,142,2025-03-15
176,155,2025-03-24
176,83,2025-05-15
176,105,2025-05-16
176,2,2025-07-02
176,180,2025-06-07
177,179,2025-06-01
177,176,2025-08-05
177,137,2025-05-06
177,95,2025-07-31
177,29,2025-07-02
177,139,2025-03-19
177,186,2025-01-25
178,159,2025-06-17
178,171,2025-02-28
178,110,2025-06-16
178,155,2025-02-20
178,177,2025-06-21
178,73,2025-06-05
178,173,2025-02-27
178,157,2025-04-30
178,154,2025-04-03
178,194,2025-08-07
178,179,2025-01-25
179,178,2025-04-13
179,175,2025-07-10
179,176,2025-02-28
179,180,2025-06-29
179,182,2025-03-12
180,142,2025-06-16
180,178,2025-06-09
180,176,2025-03-10
180,186,2025-05-26
180,181,2025-02-11
181,180,2025-06-03
181,117,2025-04-26
181,118,2025-05-08
181,172,2025-05-15
181,131,2025-04-17
181,182,2025-06-09
181,153,2025-06-18
181,176,2025-04-15
181,189,2025-05-27
181,152,2025-02-20
181,179,2025-04-01
181,177,2025-03-06
181,28,2025-05-03
181,184,2025-03-16
181,84,2025-07-17
181,163,2025-08-11
181,16,2025-04-04
181,185,2025-02-24
181,188,2025-05-09
181,170,2025-03-22
181,154,2025-02-28
181,187,2025-03-13
181,167,2025-03-10
181,114,2025-06-01
181,191,2025-05-28
182,188,2025-04-11
182,179,2025-07-27
182,90,2025-05-18
182,177,2025-06-03
182,185,2025-03-02
182,190,2025-05-21
182,153,2025-06-03
182,83,2025-06-07
183,189,2025-02-11
183,177,2025-02-27
183,182,2025-05-28
183,196,2025-06-25
183,82,2025-07-05
183,184,2025-04-02
183,89,2025-01-29
183,186,2025-06-12
183,179,2025-07-29
183,200,2025-03-12
183,173,2025-05-01
183,157,2025-02-24
183,175,2025-05-23
183,84,2025-02-19
183,176,2025-07-08
183,180,2025-02-09
183,14,2025-08-06
183,170,2025-02-26
183,6,2025-04-07
183,188,2025-05-29
183,187,2025-06-07
183,178,2025-04-27
183,56,2025-05-01
183,181,2025-05-05
183,185,2025-02-05
184,186,2025-03-16
184,187,2025-02-12
184,182,2025-03-19
184,131,2025-06-25
184,185,2025-05-17
184,183,2025-02-08
185,186,2025-02-18
185,144,2025-03-29
185,152,2025-03-02
185,191,2025-01-24
185,187,2025-04-13
185,192,2025-02-22
185,184,2025-05-13
185,115,2025-04-05
185,176,2025-05-28
185,183,2025-06-30
185,151,2025-02-25
185,132,2025-03-23
186,174,2025-05-29
186,164,2025-07-19
186,158,2025-04-14
186,182,2025-07-11
186,192,2025-02-04
186,184,2025-06-07
186,150,2025-02-08
186,91,2025-03-22
186,187,2025-01-29
186,180,2025-06-27
187,190,2025-02-26
187,188,2025-07-21
187,189,2025-06-17
187,170,2025-05-14
187,168,2025-06-16
187,195,2025-02-03
187,186,2025-05-26
187,176,2025-04-27
187,169,2025-05-20
187,152,2025-05-09
187,159,2025-06-07
187,184,2025-03-16
187,191,2025-05-29
187,185,2025-04-16
187,108,2025-07-13
188,100,2025-07-30
188,189,2025-03-03
188,180,2025-03-16
188,184,2025-03-17
188,45,2025-03-07
188,168,2025-07-25
188,48,2025-04-14
188,192,2025-06-24
188,165,2025-04-06
188,187,2025-07-13
188,54,2025-02-19
188,177,2025-05-07
188,193,2025-03-30
188,200,2025-05-28
188,191,2025-04-29
188,140,2025-07-30
188,182,2025-07-05
188,60,2025-07-08
188,78,2025-06-22
188,199,2025-05-17
189,178,2025-03-20
189,190,2025-04-17
189,191,2025-07-07
189,192,2025-05-24
189,200,2025-02-10
189,165,2025-06-27
189,55,2025-01-25
189,183,2025-07-23
189,127,2025-04-10
189,33,2025-05-19
189,180,2025-03-04
189,188,2025-06-28
189,176,2025-05-24
189,163,2025-03-03
189,22,2025-07-29
189,185,2025-08-11
189,187,2025-04-19
189,37,2025-06-03
190,193,2025-01-30
190,189,2025-01-26
190,200,2025-06-30
190,191,2025-03-18
190,186,2025-01-29
190,172,2025-07-03
190,142,2025-04-09
190,185,2025-01-29
190,196,2025-01-25
190,165,2025-07-21
190,181,2025-07-10
191,159,2025-04-23
191,200,2025-03-03
191,199,2025-04-25
191,190,2025-05-01
191,193,2025-04-25
191,192,2025-04-12
191,69,2025-05-06
191,187,2025-08-11
191,183,2025-08-03
191,197,2025-03-29
191,144,2025-06-22
191,188,2025-02-06
191,172,2025-05-09
191,139,2025-08-09
191,149,2025-05-22
191,173,2025-01-31
191,185,2025-03-30
191,194,2025-06-25
191,108,2025-08-08
191,17,2025-02-20
191,189,2025-08-11
191,182,2025-03-05
191,186,2025-02-06
191,184,2025-06-10
192,198,2025-02-16
192,190,2025-05-16
192,189,2025-05-25
192,185,2025-07-10
192,138,2025-07-17
192,173,2025-05-06
192,196,2025-04-06
192,191,2025-03-15
192,182,2025-05-26
192,67,2025-07-01
192,33,2025-07-27
192,177,2025-08-01
193,96,2025-05-30
193,192,2025-04-18
193,196,2025-02-07
193,159,2025-04-01
193,195,2025-03-13
193,154,2025-03-31
193,194,2025-05-18
193,174,2025-04-23
193,200,2025-02-18
193,42,2025-07-09
193,197,2025-05-17
193,187,2025-04-09
193,199,2025-05-13
193,178,2025-02-01
194,196,2025-07-01
194,77,2025-05-01
194,181,2025-08-08
194,81,2025-06-15
194,199,2025-06-16
194,195,2025-02-07
194,198,2025-07-10
194,96,2025-06-19
194,185,2025-02-06
194,84,2025-08-07
194,141,2025-03-15
195,163,2025-06-30
195,190,2025-07-12
195,171,2025-05-11
195,107,2025-02-11
195,143,2025-02-27
195,134,2025-08-03
195,199,2025-05-08
195,196,2025-03-02
195,189,2025-06-08
195,173,2025-01-27
195,180,2025-03-29
195,177,2025-03-06
195,164,2025-07-31
195,125,2025-03-13
195,169,2025-07-31
195,183,2025-02-24
195,194,2025-07-16
195,76,2025-02-26
195,158,2025-08-07
195,197,2025-07-31
195,102,2025-02-17
196,182,2025-04-28
196,198,2025-04-21
196,136,2025-05-07
196,92,2025-07-12
196,191,2025-03-25
196,177,2025-06-09
196,193,2025-04-13
196,197,2025-02-14
197,126,2025-06-21
197,194,2025-02-16
197,192,2025-02-18
197,130,2025-03-04
197,195,2025-08-10
197,171,2025-05-27
197,90,2025-04-27
197,191,2025-02-24
197,169,2025-07-18
198,199,2025-06-04
198,66,2025-03-06
198,188,2025-03-10
198,190,2025-02-14
198,197,2025-07-08
198,195,2025-04-27
198,196,2025-07-17
198,177,2025-04-04
198,194,2025-02-09
198,200,2025-03-07
198,184,2025-07-13
198,149,2025-06-01
198,192,2025-07-14
198,137,2025-01-24
198,187,2025-07-16
198,145,2025-04-07
198,130,2025-06-23
198,154,2025-03-10
198,182,2025-06-22
198,67,2025-01-25
198,94,2025-06-06
199,200,2025-06-22
199,137,2025-05-13
199,194,2025-02-13
199,195,2025-04-30
199,191,2025-05-29
199,196,2025-07-02
199,156,2025-08-02
199,182,2025-03-25
199,197,2025-04-07
199,121,2025-06-20
199,141,2025-02-17
199,168,2025-04-11
199,152,2025-05-20
199,140,2025-06-13
199,198,2025-08-12
199,169,2025-08-09
199,74,2025-02-22
199,143,2025-07-21
199,187,2025-07-15
199,142,2025-03-19
199,49,2025-02-22
200,192,2025-07-05
200,199,2025-07-20
200,198,2025-01-25
200,127,2025-04-04
200,196,2025-07-24
200,144,2025-02-08
200,143,2025-02-08
200,152,2025-07-18
200,156,2025-06-08
200,1,2025-03-01
200,195,2025-06-14
200,197,2025-04-18
200,116,2025-05-29
200,186,2025-06-06
200,173,2025-04-16
200,83,2025-07-31
200,188,2025-07-18
200,193,2025-06-29
200,25,2025-08-02
200,122,2025-05-30
