like_id,post_id,user_id,created_at
1,2,17,2025-08-24T17:00:00
2,2,198,2025-08-24T18:00:00
3,3,123,2025-08-17T17:00:00
4,3,52,2025-08-17T01:00:00
5,4,49,2025-08-24T04:00:00
6,4,61,2025-08-23T00:00:00
7,6,112,2025-09-01T07:00:00
8,6,144,2025-08-31T14:00:00
9,7,191,2025-08-17T18:00:00
10,7,13,2025-08-17T23:00:00
11,9,95,2025-08-14T06:00:00
12,9,117,2025-08-14T10:00:00
13,10,96,2025-08-22T23:00:00
14,11,83,2025-08-15T22:00:00
15,12,45,2025-08-20T23:00:00
16,12,149,2025-08-21T05:00:00
17,12,103,2025-08-20T22:00:00
18,13,38,2025-08-31T07:00:00
19,13,173,2025-08-31T10:00:00
20,14,93,2025-08-24T16:00:00
21,14,111,2025-08-24T08:00:00
22,14,23,2025-08-24T21:00:00
23,15,166,2025-08-22T04:00:00
24,15,120,2025-08-22T10:00:00
25,16,11,2025-09-03T21:00:00
26,17,154,2025-09-02T21:00:00
27,18,147,2025-09-07T08:00:00
28,19,178,2025-08-16T01:00:00
29,21,29,2025-09-04T02:00:00
30,21,129,2025-09-05T09:00:00
31,21,140,2025-09-04T06:00:00
32,23,141,2025-09-10T10:00:00
33,23,171,2025-09-10T14:00:00
34,24,126,2025-08-18T20:00:00
35,24,30,2025-08-18T23:00:00
36,25,134,2025-09-02T14:00:00
37,25,169,2025-09-03T12:00:00
38,25,101,2025-09-02T22:00:00
39,26,177,2025-08-27T14:00:00
40,26,193,2025-08-28T05:00:00
41,26,28,2025-08-27T09:00:00
42,27,184,2025-09-05T00:00:00
43,29,37,2025-08-29T19:00:00
44,29,19,2025-08-29T15:00:00
45,29,178,2025-08-30T01:00:00
46,30,54,2025-08-14T06:00:00
47,30,139,2025-08-14T12:00:00
48,34,31,2025-09-08T11:00:00
49,34,54,2025-09-08T04:00:00
50,36,116,2025-08-25T07:00:00
51,37,92,2025-09-01T01:00:00
52,39,153,2025-08-18T21:00:00
53,39,77,2025-08-19T00:00:00
54,40,54,2025-08-23T19:00:00
55,41,159,2025-09-01T06:00:00
56,42,158,2025-08-18T02:00:00
57,42,152,2025-08-19T07:00:00
58,44,82,2025-08-27T22:00:00
59,46,180,2025-09-11T00:00:00
60,46,122,2025-09-11T10:00:00
61,48,177,2025-08-17T22:00:00
62,48,151,2025-08-18T07:00:00
63,48,159,2025-08-17T01:00:00
64,49,10,2025-08-15T05:00:00
65,49,125,2025-08-16T06:00:00
66,49,195,2025-08-15T16:00:00
67,52,186,2025-09-01T06:00:00
68,53,98,2025-08-23T15:00:00
69,53,192,2025-08-24T06:00:00
70,53,87,2025-08-23T02:00:00
71,54,80,2025-09-03T04:00:00
72,54,142,2025-09-02T13:00:00
73,55,25,2025-08-22T08:00:00
74,55,3,2025-08-22T01:00:00
75,55,176,2025-08-23T08:00:00
76,56,18,2025-09-05T05:00:00
77,56,129,2025-09-04T17:00:00
78,56,47,2025-09-05T12:00:00
79,57,138,2025-09-10T03:00:00
80,57,168,2025-09-10T16:00:00
81,57,186,2025-09-10T07:00:00
82,58,45,2025-08-24T10:00:00
83,58,116,2025-08-24T02:00:00
84,58,76,2025-08-24T18:00:00
85,59,110,2025-08-31T09:00:00
86,59,29,2025-08-31T04:00:00
87,60,124,2025-08-16T07:00:00
88,61,2,2025-08-13T00:00:00
89,62,198,2025-08-15T00:00:00
90,64,47,2025-08-15T21:00:00
91,64,58,2025-08-16T07:00:00
92,65,183,2025-08-28T04:00:00
93,68,36,2025-08-27T08:00:00
94,70,128,2025-08-23T03:00:00
95,70,94,2025-08-22T01:00:00
96,70,179,2025-08-23T09:00:00
97,71,163,2025-08-29T06:00:00
98,71,140,2025-08-30T02:00:00
99,72,9,2025-08-28T11:00:00
100,72,72,2025-08-28T03:00:00
101,72,112,2025-08-27T04:00:00
102,75,171,2025-08-28T06:00:00
103,75,92,2025-08-28T01:00:00
104,76,36,2025-08-28T07:00:00
105,78,23,2025-09-07T12:00:00
106,79,171,2025-09-08T12:00:00
107,80,169,2025-08-26T11:00:00
108,80,140,2025-08-25T16:00:00
109,80,96,2025-08-26T06:00:00
110,82,150,2025-08-19T02:00:00
111,85,52,2025-08-16T09:00:00
112,86,35,2025-08-21T01:00:00
113,86,192,2025-08-20T00:00:00
114,87,16,2025-08-18T00:00:00
115,87,131,2025-08-18T07:00:00
116,88,150,2025-09-02T00:00:00
117,88,136,2025-09-02T19:00:00
118,89,82,2025-08-13T15:00:00
119,90,55,2025-09-07T06:00:00
120,90,49,2025-09-07T06:00:00
121,90,170,2025-09-07T06:00:00
122,91,26,2025-08-26T11:00:00
123,92,142,2025-08-28T10:00:00
124,92,163,2025-08-27T04:00:00
125,92,161,2025-08-27T09:00:00
126,93,131,2025-08-28T09:00:00
127,95,132,2025-08-29T10:00:00
128,95,19,2025-08-29T15:00:00
129,95,145,2025-08-30T02:00:00
130,96,58,2025-08-18T02:00:00
131,96,68,2025-08-17T03:00:00
132,97,11,2025-09-03T01:00:00
133,97,83,2025-09-02T01:00:00
134,97,200,2025-09-02T12:00:00
135,98,101,2025-08-13T14:00:00
136,98,116,2025-08-13T08:00:00
137,99,158,2025-08-18T10:00:00
138,99,131,2025-08-18T15:00:00
139,99,105,2025-08-19T09:00:00
140,100,128,2025-08-26T04:00:00
141,100,198,2025-08-27T03:00:00
142,102,17,2025-08-21T09:00:00
143,102,144,2025-08-21T02:00:00
144,102,22,2025-08-21T23:00:00
145,103,101,2025-08-16T05:00:00
146,103,72,2025-08-15T21:00:00
147,104,138,2025-08-20T20:00:00
148,104,155,2025-08-20T19:00:00
149,105,131,2025-08-31T11:00:00
150,105,125,2025-08-31T12:00:00
151,105,99,2025-08-30T08:00:00
152,106,87,2025-09-06T07:00:00
153,106,24,2025-09-05T21:00:00
154,106,178,2025-09-06T10:00:00
155,108,162,2025-08-19T17:00:00
156,108,69,2025-08-19T18:00:00
157,109,81,2025-08-21T20:00:00
158,110,145,2025-08-18T12:00:00
159,111,79,2025-08-23T21:00:00
160,111,50,2025-08-24T09:00:00
161,112,72,2025-09-11T03:00:00
162,112,68,2025-09-10T12:00:00
163,112,154,2025-09-10T08:00:00
164,113,49,2025-09-08T23:00:00
165,113,176,2025-09-09T10:00:00
166,114,53,2025-08-21T09:00:00
167,114,119,2025-08-20T11:00:00
168,116,164,2025-08-15T13:00:00
169,116,64,2025-08-15T21:00:00
170,117,166,2025-09-04T07:00:00
171,118,63,2025-08-30T06:00:00
172,118,101,2025-08-29T17:00:00
173,119,138,2025-08-12T16:00:00
174,119,88,2025-08-12T04:00:00
175,119,38,2025-08-12T16:00:00
176,121,141,2025-08-21T04:00:00
177,121,101,2025-08-21T12:00:00
178,121,1,2025-08-21T16:00:00
179,122,117,2025-09-10T17:00:00
180,122,141,2025-09-11T08:00:00
181,122,150,2025-09-11T12:00:00
182,123,51,2025-09-10T03:00:00
183,123,69,2025-09-10T07:00:00
184,123,14,2025-09-09T06:00:00
185,124,112,2025-08-28T07:00:00
186,124,100,2025-08-28T08:00:00
187,124,81,2025-08-28T11:00:00
188,126,195,2025-09-09T02:00:00
189,126,14,2025-09-09T04:00:00
190,127,28,2025-08-30T10:00:00
191,127,141,2025-08-29T17:00:00
192,128,25,2025-08-14T03:00:00
193,129,11,2025-08-29T12:00:00
194,133,160,2025-08-16T17:00:00
195,133,185,2025-08-16T18:00:00
196,134,62,2025-09-10T12:00:00
197,134,60,2025-09-09T17:00:00
198,134,57,2025-09-10T11:00:00
199,135,61,2025-08-31T01:00:00
200,135,39,2025-09-01T11:00:00
201,136,82,2025-08-17T00:00:00
202,136,196,2025-08-16T13:00:00
203,136,57,2025-08-17T10:00:00
204,136,44,2025-08-16T01:00:00
205,137,24,2025-08-22T12:00:00
206,138,70,2025-08-26T15:00:00
207,138,125,2025-08-27T02:00:00
208,138,32,2025-08-26T14:00:00
209,138,25,2025-08-26T15:00:00
210,139,157,2025-08-18T14:00:00
211,139,43,2025-08-18T17:00:00
212,139,45,2025-08-18T06:00:00
213,141,172,2025-08-27T19:00:00
214,142,149,2025-08-14T04:00:00
215,142,154,2025-08-13T13:00:00
216,142,99,2025-08-13T14:00:00
217,145,183,2025-08-23T00:00:00
218,145,114,2025-08-23T00:00:00
219,145,39,2025-08-22T01:00:00
220,146,53,2025-09-07T07:00:00
221,146,173,2025-09-07T03:00:00
222,147,83,2025-08-22T07:00:00
223,147,6,2025-08-22T08:00:00
224,148,114,2025-08-28T23:00:00
225,148,156,2025-08-28T09:00:00
226,148,53,2025-08-28T04:00:00
227,149,44,2025-09-07T13:00:00
228,149,104,2025-09-07T20:00:00
229,149,54,2025-09-07T22:00:00
230,150,71,2025-08-28T18:00:00
231,150,64,2025-08-28T14:00:00
232,150,184,2025-08-29T00:00:00
233,151,7,2025-08-15T15:00:00
234,151,176,2025-08-15T04:00:00
235,151,145,2025-08-16T04:00:00
236,153,147,2025-09-02T00:00:00
237,153,89,2025-09-01T01:00:00
238,153,93,2025-09-02T07:00:00
239,154,186,2025-08-26T05:00:00
240,154,115,2025-08-27T03:00:00
241,154,109,2025-08-26T16:00:00
242,155,59,2025-09-08T23:00:00
243,155,69,2025-09-08T16:00:00
244,156,41,2025-08-31T09:00:00
245,156,44,2025-08-31T09:00:00
246,156,57,2025-08-30T12:00:00
247,158,94,2025-08-22T14:00:00
248,158,13,2025-08-22T05:00:00
249,158,195,2025-08-22T10:00:00
250,161,21,2025-08-24T16:00:00
251,161,135,2025-08-25T04:00:00
252,162,76,2025-08-24T09:00:00
253,163,72,2025-08-16T02:00:00
254,163,48,2025-08-15T19:00:00
255,163,59,2025-08-15T10:00:00
256,165,24,2025-08-16T03:00:00
257,166,74,2025-08-17T11:00:00
258,167,109,2025-08-31T01:00:00
259,167,43,2025-08-31T12:00:00
260,167,61,2025-08-31T04:00:00
261,170,46,2025-09-02T07:00:00
262,170,137,2025-09-03T05:00:00
263,171,186,2025-08-13T09:00:00
264,171,46,2025-08-14T10:00:00
265,172,63,2025-08-20T00:00:00
266,173,44,2025-09-06T17:00:00
267,173,197,2025-09-07T08:00:00
268,176,35,2025-08-27T06:00:00
269,176,43,2025-08-26T09:00:00
270,176,13,2025-08-26T08:00:00
271,177,156,2025-08-20T23:00:00
272,178,119,2025-09-06T05:00:00
273,178,63,2025-09-05T11:00:00
274,179,29,2025-08-28T15:00:00
275,179,183,2025-08-28T10:00:00
276,180,156,2025-08-13T02:00:00
277,180,194,2025-08-13T04:00:00
278,181,35,2025-08-20T00:00:00
279,182,118,2025-08-18T09:00:00
280,183,174,2025-08-18T01:00:00
281,184,139,2025-08-14T05:00:00
282,184,186,2025-08-14T09:00:00
283,184,104,2025-08-13T22:00:00
284,184,135,2025-08-14T12:00:00
285,185,193,2025-08-13T02:00:00
286,185,65,2025-08-12T10:00:00
287,185,135,2025-08-13T08:00:00
288,186,33,2025-08-28T04:00:00
289,186,10,2025-08-28T23:00:00
290,186,53,2025-08-28T19:00:00
291,188,98,2025-08-24T23:00:00
292,188,97,2025-08-24T01:00:00
293,188,77,2025-08-24T20:00:00
294,189,51,2025-08-18T13:00:00
295,189,193,2025-08-19T03:00:00
296,189,5,2025-08-18T09:00:00
297,190,152,2025-08-21T08:00:00
298,190,195,2025-08-21T19:00:00
299,190,192,2025-08-22T01:00:00
300,191,37,2025-09-02T01:00:00
301,192,113,2025-08-21T16:00:00
302,193,103,2025-09-07T05:00:00
303,193,120,2025-09-06T23:00:00
304,193,183,2025-09-06T13:00:00
305,194,34,2025-08-22T15:00:00
306,194,107,2025-08-22T09:00:00
307,194,14,2025-08-22T06:00:00
308,195,96,2025-09-10T22:00:00
309,195,14,2025-09-11T05:00:00
310,196,168,2025-09-05T18:00:00
311,196,111,2025-09-05T22:00:00
312,196,20,2025-09-06T08:00:00
313,197,11,2025-09-06T22:00:00
314,197,123,2025-09-06T21:00:00
315,197,18,2025-09-06T12:00:00
316,198,130,2025-08-19T00:00:00
317,198,43,2025-08-19T06:00:00
318,199,191,2025-08-22T11:00:00
319,200,16,2025-09-07T08:00:00
320,200,7,2025-09-06T13:00:00
321,201,7,2025-08-23T01:00:00
322,201,115,2025-08-22T21:00:00
323,202,89,2025-08-27T18:00:00
324,202,160,2025-08-27T23:00:00
325,202,84,2025-08-27T03:00:00
326,204,195,2025-09-10T08:00:00
327,204,125,2025-09-09T02:00:00
328,204,111,2025-09-10T11:00:00
329,206,97,2025-09-09T21:00:00
330,207,188,2025-08-14T17:00:00
331,207,185,2025-08-14T09:00:00
332,207,163,2025-08-14T09:00:00
333,208,24,2025-08-27T00:00:00
334,209,101,2025-08-25T02:00:00
335,209,57,2025-08-25T02:00:00
336,210,4,2025-09-10T12:00:00
337,210,35,2025-09-11T02:00:00
338,211,107,2025-09-05T09:00:00
339,212,141,2025-08-29T13:00:00
340,212,146,2025-08-29T00:00:00
341,212,66,2025-08-29T04:00:00
342,213,10,2025-08-17T16:00:00
343,214,17,2025-08-27T10:00:00
344,214,57,2025-08-28T07:00:00
345,214,120,2025-08-27T07:00:00
346,216,88,2025-08-21T23:00:00
347,216,158,2025-08-22T06:00:00
348,216,187,2025-08-21T16:00:00
349,217,162,2025-08-30T20:00:00
350,217,171,2025-08-31T09:00:00
351,218,171,2025-08-27T09:00:00
352,219,153,2025-08-21T15:00:00
353,219,200,2025-08-21T14:00:00
354,221,124,2025-09-09T08:00:00
355,221,70,2025-09-08T19:00:00
356,221,85,2025-09-09T07:00:00
357,222,14,2025-08-24T16:00:00
358,222,152,2025-08-24T06:00:00
359,222,77,2025-08-24T09:00:00
360,223,57,2025-08-17T15:00:00
361,224,40,2025-08-25T10:00:00
362,224,26,2025-08-25T08:00:00
363,224,179,2025-08-24T23:00:00
364,225,191,2025-09-11T12:00:00
365,225,103,2025-09-10T21:00:00
366,225,108,2025-09-10T19:00:00
367,227,42,2025-08-13T06:00:00
368,229,15,2025-08-23T01:00:00
369,229,112,2025-08-23T03:00:00
370,230,107,2025-08-18T06:00:00
371,232,95,2025-08-29T19:00:00
372,232,31,2025-08-29T15:00:00
373,233,126,2025-08-26T13:00:00
374,233,102,2025-08-27T01:00:00
375,233,151,2025-08-27T03:00:00
376,234,74,2025-08-15T15:00:00
377,235,87,2025-08-30T10:00:00
378,236,152,2025-08-15T05:00:00
379,236,97,2025-08-15T06:00:00
380,240,139,2025-08-27T03:00:00
381,241,24,2025-08-27T09:00:00
382,241,179,2025-08-27T03:00:00
383,241,166,2025-08-27T00:00:00
384,242,46,2025-08-25T18:00:00
385,242,9,2025-08-25T23:00:00
386,242,35,2025-08-25T22:00:00
387,245,80,2025-09-04T21:00:00
388,251,44,2025-09-07T01:00:00
389,252,28,2025-08-22T18:00:00
390,252,69,2025-08-23T09:00:00
391,252,152,2025-08-22T04:00:00
392,253,36,2025-09-04T05:00:00
393,253,17,2025-09-03T16:00:00
394,254,165,2025-09-01T08:00:00
395,256,156,2025-08-14T18:00:00
396,256,58,2025-08-14T02:00:00
397,256,177,2025-08-15T01:00:00
398,257,171,2025-09-03T06:00:00
399,257,42,2025-09-03T04:00:00
400,258,131,2025-09-05T18:00:00
401,258,79,2025-09-06T01:00:00
402,259,61,2025-09-02T20:00:00
403,259,80,2025-09-02T13:00:00
404,259,171,2025-09-02T15:00:00
405,260,39,2025-08-20T02:00:00
406,260,181,2025-08-20T05:00:00
407,260,40,2025-08-20T03:00:00
408,262,28,2025-08-29T04:00:00
409,263,39,2025-09-10T04:00:00
410,264,198,2025-08-27T20:00:00
411,264,86,2025-08-27T15:00:00
412,265,112,2025-08-21T11:00:00
413,265,105,2025-08-20T19:00:00
414,265,32,2025-08-20T13:00:00
415,266,168,2025-09-10T10:00:00
416,266,9,2025-09-11T01:00:00
417,266,94,2025-09-10T12:00:00
418,267,17,2025-08-20T03:00:00
419,269,100,2025-09-04T11:00:00
420,270,119,2025-08-15T01:00:00
421,271,116,2025-09-02T20:00:00
422,271,35,2025-09-03T03:00:00
423,272,193,2025-09-09T11:00:00
424,272,146,2025-09-09T00:00:00
425,273,65,2025-08-18T02:00:00
426,275,86,2025-08-19T08:00:00
427,275,38,2025-08-19T15:00:00
428,275,11,2025-08-20T08:00:00
429,276,72,2025-09-07T11:00:00
430,276,52,2025-09-08T02:00:00
431,276,185,2025-09-07T02:00:00
432,278,183,2025-08-23T23:00:00
433,278,88,2025-08-23T21:00:00
434,281,198,2025-09-08T13:00:00
435,281,129,2025-09-08T09:00:00
436,281,52,2025-09-08T21:00:00
437,282,136,2025-08-16T09:00:00
438,282,101,2025-08-15T12:00:00
439,283,198,2025-09-10T05:00:00
440,283,188,2025-09-10T11:00:00
441,283,11,2025-09-09T18:00:00
442,284,12,2025-08-15T01:00:00
443,284,73,2025-08-16T02:00:00
444,284,86,2025-08-15T04:00:00
445,285,107,2025-08-27T12:00:00
446,285,119,2025-08-26T14:00:00
447,285,156,2025-08-26T20:00:00
448,286,116,2025-08-29T16:00:00
449,287,167,2025-08-25T14:00:00
450,287,10,2025-08-25T16:00:00
451,288,68,2025-08-31T14:00:00
452,288,2,2025-08-31T02:00:00
453,288,136,2025-08-31T14:00:00
454,289,62,2025-09-11T03:00:00
455,289,102,2025-09-10T03:00:00
456,289,1,2025-09-10T04:00:00
457,290,138,2025-08-31T02:00:00
458,290,140,2025-08-30T01:00:00
459,291,188,2025-08-26T03:00:00
460,291,197,2025-08-27T07:00:00
461,291,164,2025-08-26T13:00:00
462,291,79,2025-08-27T10:00:00
463,292,74,2025-09-06T00:00:00
464,292,200,2025-09-06T11:00:00
465,292,30,2025-09-05T21:00:00
466,292,61,2025-09-05T11:00:00
467,293,168,2025-08-27T03:00:00
468,293,52,2025-08-26T05:00:00
469,293,4,2025-08-26T21:00:00
470,293,176,2025-08-26T15:00:00
471,294,6,2025-08-16T16:00:00
472,294,26,2025-08-16T10:00:00
473,294,34,2025-08-16T18:00:00
474,295,107,2025-09-02T03:00:00
475,295,42,2025-09-01T13:00:00
476,296,93,2025-08-17T06:00:00
477,297,80,2025-09-08T11:00:00
478,297,139,2025-09-07T04:00:00
479,299,32,2025-08-27T00:00:00
480,300,17,2025-08-16T17:00:00
481,301,30,2025-08-19T04:00:00
482,302,32,2025-08-20T10:00:00
483,302,129,2025-08-20T05:00:00
484,304,172,2025-09-06T05:00:00
485,304,158,2025-09-06T22:00:00
486,304,72,2025-09-06T05:00:00
487,305,46,2025-09-06T12:00:00
488,305,100,2025-09-07T10:00:00
489,306,186,2025-08-23T05:00:00
490,306,5,2025-08-23T04:00:00
491,307,38,2025-09-07T21:00:00
492,308,134,2025-08-22T10:00:00
493,309,123,2025-09-08T22:00:00
494,311,100,2025-09-10T03:00:00
495,311,194,2025-09-09T06:00:00
496,312,55,2025-08-15T06:00:00
497,312,43,2025-08-14T04:00:00
498,312,49,2025-08-14T14:00:00
499,313,143,2025-08-30T00:00:00
500,313,198,2025-08-29T20:00:00
501,313,118,2025-08-29T23:00:00
502,314,11,2025-09-07T02:00:00
503,315,49,2025-08-15T22:00:00
504,315,1,2025-08-15T01:00:00
505,315,147,2025-08-15T23:00:00
506,316,107,2025-08-21T00:00:00
507,316,192,2025-08-21T20:00:00
508,317,22,2025-09-10T09:00:00
509,317,35,2025-09-10T11:00:00
510,317,25,2025-09-09T07:00:00
511,318,122,2025-08-21T07:00:00
512,319,31,2025-08-18T02:00:00
513,319,160,2025-08-18T20:00:00
514,320,80,2025-08-24T10:00:00
515,321,76,2025-09-04T03:00:00
516,321,10,2025-09-04T19:00:00
517,321,28,2025-09-04T08:00:00
518,322,98,2025-08-16T17:00:00
519,322,40,2025-08-16T21:00:00
520,323,20,2025-08-26T04:00:00
521,323,136,2025-08-27T07:00:00
522,323,94,2025-08-26T19:00:00
523,324,105,2025-08-18T01:00:00
524,324,6,2025-08-18T18:00:00
525,325,48,2025-08-30T05:00:00
526,325,183,2025-08-30T08:00:00
527,327,30,2025-08-25T16:00:00
528,327,25,2025-08-25T21:00:00
529,328,32,2025-08-21T12:00:00
530,328,47,2025-08-20T13:00:00
531,330,13,2025-09-06T17:00:00
532,331,195,2025-08-18T10:00:00
533,331,141,2025-08-17T05:00:00
534,332,142,2025-08-17T19:00:00
535,332,169,2025-08-17T06:00:00
536,333,193,2025-08-24T02:00:00
537,333,11,2025-08-23T05:00:00
538,333,80,2025-08-23T21:00:00
539,334,190,2025-09-09T08:00:00
540,334,14,2025-09-09T04:00:00
541,336,2,2025-09-01T06:00:00
542,336,28,2025-08-31T23:00:00
543,336,123,2025-09-01T01:00:00
544,336,11,2025-09-01T10:00:00
545,338,41,2025-09-01T11:00:00
546,338,152,2025-08-31T15:00:00
547,340,44,2025-09-03T12:00:00
548,340,48,2025-09-02T06:00:00
549,342,56,2025-09-06T08:00:00
550,342,187,2025-09-06T10:00:00
551,342,182,2025-09-07T08:00:00
552,343,105,2025-08-18T00:00:00
553,344,148,2025-09-10T12:00:00
554,344,187,2025-09-11T07:00:00
555,345,16,2025-08-27T03:00:00
556,346,157,2025-09-09T00:00:00
557,347,136,2025-08-15T18:00:00
558,348,35,2025-09-03T02:00:00
559,348,104,2025-09-02T18:00:00
560,349,64,2025-08-14T07:00:00
561,349,158,2025-08-15T02:00:00
562,350,166,2025-09-06T07:00:00
563,350,155,2025-09-05T00:00:00
564,352,152,2025-08-22T16:00:00
565,352,49,2025-08-22T08:00:00
566,352,192,2025-08-23T12:00:00
567,353,165,2025-08-25T07:00:00
568,354,34,2025-09-04T02:00:00
569,355,64,2025-09-01T02:00:00
570,357,35,2025-09-09T07:00:00
571,357,56,2025-09-10T12:00:00
572,357,71,2025-09-09T00:00:00
573,358,184,2025-08-13T07:00:00
574,360,28,2025-08-18T04:00:00
575,360,88,2025-08-17T09:00:00
576,360,53,2025-08-17T09:00:00
577,362,84,2025-08-15T00:00:00
578,362,106,2025-08-15T09:00:00
579,363,114,2025-08-26T12:00:00
580,363,170,2025-08-26T09:00:00
581,364,100,2025-08-14T22:00:00
582,365,171,2025-09-02T15:00:00
583,366,126,2025-08-23T03:00:00
584,366,71,2025-08-23T16:00:00
585,366,112,2025-08-23T00:00:00
586,367,119,2025-08-19T03:00:00
587,367,41,2025-08-20T05:00:00
588,367,16,2025-08-20T09:00:00
589,368,53,2025-08-16T07:00:00
590,368,106,2025-08-16T18:00:00
591,369,73,2025-08-13T17:00:00
592,370,110,2025-08-24T00:00:00
593,371,196,2025-08-18T05:00:00
594,371,136,2025-08-17T22:00:00
595,371,17,2025-08-17T19:00:00
596,372,116,2025-09-10T12:00:00
597,373,123,2025-08-29T17:00:00
598,373,100,2025-08-29T10:00:00
599,374,57,2025-08-30T01:00:00
600,374,113,2025-08-30T15:00:00
601,374,35,2025-08-31T07:00:00
602,375,57,2025-08-28T09:00:00
603,375,142,2025-08-28T07:00:00
604,375,131,2025-08-28T17:00:00
605,376,134,2025-08-21T06:00:00
606,376,66,2025-08-21T17:00:00
607,377,192,2025-08-13T01:00:00
608,377,104,2025-08-13T04:00:00
609,379,73,2025-09-01T16:00:00
610,380,194,2025-08-17T11:00:00
611,381,148,2025-08-24T07:00:00
612,381,136,2025-08-24T09:00:00
613,381,47,2025-08-23T00:00:00
614,381,161,2025-08-23T09:00:00
615,383,197,2025-08-19T11:00:00
616,383,177,2025-08-19T02:00:00
617,384,88,2025-08-15T11:00:00
618,384,1,2025-08-15T06:00:00
619,384,124,2025-08-15T19:00:00
620,384,50,2025-08-16T03:00:00
621,385,179,2025-09-07T12:00:00
622,385,70,2025-09-08T01:00:00
623,386,145,2025-09-11T06:00:00
624,386,92,2025-09-10T12:00:00
625,386,25,2025-09-10T15:00:00
626,386,98,2025-09-10T20:00:00
627,388,92,2025-08-30T15:00:00
628,388,121,2025-08-31T10:00:00
629,389,127,2025-09-06T03:00:00
630,389,59,2025-09-06T11:00:00
631,393,60,2025-08-19T02:00:00
632,395,120,2025-08-21T02:00:00
633,398,184,2025-08-28T13:00:00
634,398,35,2025-08-28T13:00:00
635,398,57,2025-08-28T23:00:00
636,401,3,2025-09-02T02:00:00
637,401,151,2025-09-01T07:00:00
638,402,165,2025-09-10T04:00:00
639,402,151,2025-09-09T13:00:00
640,404,61,2025-08-17T07:00:00
641,404,157,2025-08-17T05:00:00
642,405,154,2025-08-26T15:00:00
643,405,138,2025-08-26T02:00:00
644,406,177,2025-08-20T10:00:00
645,406,71,2025-08-20T00:00:00
646,406,139,2025-08-21T07:00:00
647,407,106,2025-09-05T21:00:00
648,410,148,2025-09-05T17:00:00
649,412,179,2025-08-26T04:00:00
650,412,90,2025-08-26T11:00:00
651,412,92,2025-08-25T10:00:00
652,416,50,2025-08-19T10:00:00
653,416,45,2025-08-19T14:00:00
654,418,51,2025-08-29T13:00:00
655,419,34,2025-08-19T18:00:00
656,420,16,2025-08-27T14:00:00
657,420,170,2025-08-27T08:00:00
658,420,116,2025-08-27T02:00:00
659,422,94,2025-09-04T19:00:00
660,423,40,2025-09-04T10:00:00
661,423,177,2025-09-05T06:00:00
662,423,17,2025-09-05T00:00:00
663,425,96,2025-08-12T02:00:00
664,426,176,2025-08-28T02:00:00
665,429,55,2025-08-15T04:00:00
666,430,107,2025-08-21T06:00:00
667,431,59,2025-09-07T17:00:00
668,431,180,2025-09-08T09:00:00
669,431,43,2025-09-08T11:00:00
670,432,116,2025-08-14T10:00:00
671,432,41,2025-08-14T12:00:00
672,433,115,2025-08-13T03:00:00
673,434,157,2025-08-29T04:00:00
674,435,81,2025-08-29T13:00:00
675,435,67,2025-08-29T01:00:00
676,436,104,2025-08-26T18:00:00
677,437,198,2025-08-20T05:00:00
678,437,138,2025-08-20T07:00:00
679,437,120,2025-08-20T08:00:00
680,439,189,2025-08-16T10:00:00
681,441,102,2025-08-16T08:00:00
682,441,167,2025-08-16T03:00:00
683,441,149,2025-08-17T09:00:00
684,442,138,2025-09-03T14:00:00
685,443,62,2025-08-28T03:00:00
686,445,138,2025-09-03T11:00:00
687,447,135,2025-08-17T05:00:00
688,447,138,2025-08-17T16:00:00
689,448,86,2025-09-08T08:00:00
690,448,141,2025-09-08T11:00:00
691,450,126,2025-08-26T14:00:00
692,450,53,2025-08-26T05:00:00
693,450,36,2025-08-27T09:00:00
694,451,160,2025-08-26T04:00:00
695,453,185,2025-08-15T05:00:00
696,453,163,2025-08-15T20:00:00
697,453,140,2025-08-16T05:00:00
698,454,175,2025-08-20T17:00:00
699,455,8,2025-09-09T00:00:00
700,455,9,2025-09-09T01:00:00
701,459,43,2025-08-19T05:00:00
702,459,194,2025-08-19T05:00:00
703,460,124,2025-08-14T06:00:00
704,461,138,2025-08-25T03:00:00
705,461,166,2025-08-25T01:00:00
706,461,96,2025-08-25T09:00:00
707,462,81,2025-08-22T07:00:00
708,462,98,2025-08-23T08:00:00
709,463,193,2025-09-02T16:00:00
710,463,75,2025-09-02T10:00:00
711,465,38,2025-09-11T10:00:00
712,465,154,2025-09-11T06:00:00
713,465,172,2025-09-10T18:00:00
714,465,148,2025-09-11T07:00:00
715,466,197,2025-09-04T18:00:00
716,466,20,2025-09-05T08:00:00
717,466,39,2025-09-04T02:00:00
718,466,45,2025-09-04T20:00:00
719,467,121,2025-08-24T03:00:00
720,467,11,2025-08-24T05:00:00
721,467,130,2025-08-23T01:00:00
722,471,63,2025-08-13T22:00:00
723,471,97,2025-08-13T21:00:00
724,473,186,2025-08-29T17:00:00
725,473,133,2025-08-30T09:00:00
726,474,104,2025-09-06T00:00:00
727,476,106,2025-08-14T09:00:00
728,477,131,2025-09-05T20:00:00
729,477,59,2025-09-05T23:00:00
730,479,80,2025-08-26T12:00:00
731,479,44,2025-08-26T00:00:00
732,482,14,2025-08-16T15:00:00
733,482,105,2025-08-17T02:00:00
734,482,54,2025-08-17T11:00:00
735,483,159,2025-08-17T09:00:00
736,483,91,2025-08-16T11:00:00
737,483,5,2025-08-16T08:00:00
738,486,13,2025-08-24T01:00:00
739,486,32,2025-08-23T16:00:00
740,489,161,2025-08-14T16:00:00
741,489,188,2025-08-14T11:00:00
742,490,128,2025-08-21T12:00:00
743,490,64,2025-08-22T00:00:00
744,490,133,2025-08-21T12:00:00
745,492,69,2025-08-31T04:00:00
746,492,63,2025-08-31T09:00:00
747,492,40,2025-09-01T01:00:00
748,493,186,2025-09-08T09:00:00
749,493,44,2025-09-08T12:00:00
750,494,105,2025-08-19T10:00:00
751,494,77,2025-08-19T01:00:00
752,495,108,2025-08-14T08:00:00
753,496,185,2025-09-04T09:00:00
754,496,186,2025-09-04T03:00:00
755,497,27,2025-09-03T19:00:00
756,498,22,2025-09-01T02:00:00
757,498,119,2025-09-02T00:00:00
758,499,162,2025-08-16T10:00:00
759,499,100,2025-08-16T22:00:00
760,500,194,2025-08-23T02:00:00
761,500,75,2025-08-23T11:00:00
762,501,59,2025-08-30T23:00:00
763,501,185,2025-08-30T21:00:00
764,501,173,2025-08-31T10:00:00
765,502,76,2025-08-20T12:00:00
766,505,97,2025-08-31T17:00:00
767,505,79,2025-08-31T18:00:00
768,505,106,2025-09-01T08:00:00
769,507,188,2025-09-09T06:00:00
770,508,62,2025-08-30T08:00:00
771,508,143,2025-08-30T09:00:00
772,509,71,2025-08-18T21:00:00
773,510,120,2025-09-07T03:00:00
774,511,10,2025-09-07T03:00:00
775,511,75,2025-09-07T18:00:00
776,512,53,2025-09-05T13:00:00
777,513,196,2025-08-23T22:00:00
778,514,135,2025-08-26T16:00:00
779,515,182,2025-08-25T01:00:00
780,515,32,2025-08-24T14:00:00
781,516,27,2025-08-15T05:00:00
782,518,135,2025-09-03T07:00:00
783,518,120,2025-09-04T10:00:00
784,518,185,2025-09-03T03:00:00
785,519,62,2025-08-25T05:00:00
786,520,127,2025-08-31T13:00:00
787,521,104,2025-08-16T20:00:00
788,522,11,2025-08-23T02:00:00
789,526,195,2025-09-01T06:00:00
790,526,84,2025-09-02T05:00:00
791,526,100,2025-09-02T08:00:00
792,527,200,2025-08-22T09:00:00
793,527,142,2025-08-21T00:00:00
794,527,185,2025-08-21T00:00:00
795,528,54,2025-08-22T01:00:00
796,531,200,2025-08-18T07:00:00
797,531,107,2025-08-19T11:00:00
798,532,153,2025-09-05T09:00:00
799,534,177,2025-08-29T00:00:00
800,535,121,2025-08-13T07:00:00
801,535,164,2025-08-12T16:00:00
802,536,153,2025-08-30T02:00:00
803,536,31,2025-08-29T00:00:00
804,537,101,2025-08-18T23:00:00
805,538,35,2025-08-19T04:00:00
806,538,15,2025-08-19T19:00:00
807,541,28,2025-08-22T18:00:00
808,541,139,2025-08-22T14:00:00
809,542,102,2025-08-14T09:00:00
810,543,88,2025-09-08T08:00:00
811,543,7,2025-09-09T02:00:00
812,543,151,2025-09-08T12:00:00
813,544,186,2025-08-30T10:00:00
814,545,156,2025-08-19T08:00:00
815,546,19,2025-08-27T15:00:00
816,547,71,2025-09-04T02:00:00
817,547,86,2025-09-03T04:00:00
818,547,87,2025-09-03T05:00:00
819,548,10,2025-09-02T18:00:00
820,548,179,2025-09-02T08:00:00
821,549,192,2025-08-27T01:00:00
822,549,11,2025-08-27T21:00:00
823,549,94,2025-08-27T15:00:00
824,550,102,2025-08-18T02:00:00
825,550,110,2025-08-19T09:00:00
826,550,112,2025-08-18T06:00:00
827,552,110,2025-08-19T01:00:00
828,554,15,2025-08-21T09:00:00
829,555,93,2025-09-09T00:00:00
830,556,156,2025-09-05T01:00:00
831,556,23,2025-09-06T00:00:00
832,556,196,2025-09-05T09:00:00
833,557,19,2025-09-02T13:00:00
834,557,83,2025-09-02T06:00:00
835,557,191,2025-09-02T11:00:00
836,558,66,2025-09-01T21:00:00
837,559,14,2025-08-13T08:00:00
838,559,111,2025-08-13T11:00:00
839,560,112,2025-08-21T12:00:00
840,562,161,2025-08-28T11:00:00
841,562,125,2025-08-27T09:00:00
842,562,109,2025-08-27T13:00:00
843,563,75,2025-08-23T02:00:00
844,563,192,2025-08-23T07:00:00
845,564,78,2025-08-14T11:00:00
846,566,200,2025-09-03T19:00:00
847,566,50,2025-09-03T15:00:00
848,566,88,2025-09-04T06:00:00
849,567,105,2025-08-14T02:00:00
850,568,60,2025-08-21T23:00:00
851,572,116,2025-08-28T01:00:00
852,572,177,2025-08-28T03:00:00
853,573,145,2025-08-16T04:00:00
854,573,149,2025-08-16T18:00:00
855,574,147,2025-08-26T01:00:00
856,574,47,2025-08-27T04:00:00
857,575,150,2025-08-24T01:00:00
858,575,43,2025-08-24T12:00:00
859,576,197,2025-08-24T00:00:00
860,576,160,2025-08-23T18:00:00
861,576,147,2025-08-24T11:00:00
862,577,23,2025-09-01T09:00:00
863,577,134,2025-09-02T10:00:00
864,577,76,2025-09-01T23:00:00
865,578,164,2025-08-24T09:00:00
866,578,146,2025-08-24T21:00:00
867,578,64,2025-08-25T12:00:00
868,580,6,2025-08-15T08:00:00
869,580,198,2025-08-14T19:00:00
870,581,45,2025-08-31T12:00:00
871,583,200,2025-08-23T14:00:00
872,584,200,2025-08-24T03:00:00
873,584,37,2025-08-24T01:00:00
874,585,144,2025-09-07T01:00:00
875,585,15,2025-09-08T11:00:00
876,585,105,2025-09-08T06:00:00
877,585,160,2025-09-07T09:00:00
878,586,164,2025-09-11T02:00:00
879,586,31,2025-09-10T01:00:00
880,586,118,2025-09-11T04:00:00
881,587,192,2025-08-29T13:00:00
882,588,144,2025-08-14T14:00:00
883,588,186,2025-08-15T09:00:00
884,589,84,2025-08-21T23:00:00
885,590,134,2025-08-29T08:00:00
886,592,1,2025-08-13T02:00:00
887,592,89,2025-08-12T07:00:00
888,593,178,2025-08-22T12:00:00
889,594,88,2025-09-04T09:00:00
890,594,8,2025-09-05T01:00:00
891,594,141,2025-09-04T22:00:00
892,595,112,2025-08-29T17:00:00
893,597,147,2025-08-21T02:00:00
894,597,97,2025-08-20T04:00:00
895,597,89,2025-08-20T13:00:00
896,599,110,2025-09-05T09:00:00
897,599,26,2025-09-05T12:00:00
898,599,173,2025-09-06T09:00:00
899,600,147,2025-09-04T07:00:00
900,600,87,2025-09-04T16:00:00
901,601,199,2025-08-29T17:00:00
902,602,139,2025-08-19T19:00:00
903,602,39,2025-08-20T08:00:00
904,602,62,2025-08-19T17:00:00
905,605,123,2025-09-01T14:00:00
906,608,112,2025-08-21T04:00:00
907,608,154,2025-08-21T03:00:00
908,608,101,2025-08-21T07:00:00
909,608,100,2025-08-22T00:00:00
910,609,52,2025-08-21T12:00:00
911,609,20,2025-08-21T21:00:00
912,609,21,2025-08-21T01:00:00
913,609,172,2025-08-21T03:00:00
914,611,136,2025-09-10T17:00:00
915,611,15,2025-09-10T05:00:00
916,611,157,2025-09-10T18:00:00
917,613,14,2025-09-04T02:00:00
918,613,117,2025-09-03T11:00:00
919,614,150,2025-08-20T04:00:00
920,615,161,2025-08-15T23:00:00
921,615,37,2025-08-15T14:00:00
922,615,13,2025-08-15T17:00:00
923,616,5,2025-08-18T04:00:00
924,616,127,2025-08-18T04:00:00
925,617,101,2025-09-08T03:00:00
926,617,42,2025-09-09T04:00:00
927,618,186,2025-09-05T01:00:00
928,619,172,2025-09-07T08:00:00
929,619,34,2025-09-07T22:00:00
930,619,153,2025-09-07T01:00:00
931,621,186,2025-08-31T00:00:00
932,621,161,2025-08-30T03:00:00
933,621,122,2025-08-30T10:00:00
934,623,6,2025-08-29T09:00:00
935,623,102,2025-08-29T10:00:00
936,624,18,2025-08-20T12:00:00
937,624,50,2025-08-20T12:00:00
938,625,60,2025-09-06T20:00:00
939,625,23,2025-09-06T22:00:00
940,625,34,2025-09-06T10:00:00
941,626,89,2025-08-23T01:00:00
942,628,140,2025-09-08T00:00:00
943,628,21,2025-09-08T13:00:00
944,628,119,2025-09-08T10:00:00
945,631,1,2025-09-04T00:00:00
946,633,193,2025-08-31T03:00:00
947,634,132,2025-09-04T20:00:00
948,635,120,2025-08-30T07:00:00
949,636,97,2025-09-08T12:00:00
950,636,32,2025-09-08T13:00:00
951,637,20,2025-09-05T18:00:00
952,637,171,2025-09-05T19:00:00
953,637,140,2025-09-05T16:00:00
954,639,149,2025-08-15T20:00:00
955,641,102,2025-09-05T18:00:00
956,644,71,2025-08-26T15:00:00
957,644,73,2025-08-27T04:00:00
958,644,14,2025-08-26T13:00:00
959,645,27,2025-08-16T06:00:00
960,645,102,2025-08-16T10:00:00
961,647,119,2025-09-07T07:00:00
962,648,48,2025-08-27T04:00:00
963,650,164,2025-08-23T05:00:00
964,651,151,2025-08-17T06:00:00
965,651,138,2025-08-17T12:00:00
966,651,47,2025-08-17T16:00:00
967,652,108,2025-09-04T21:00:00
968,652,44,2025-09-05T07:00:00
969,652,147,2025-09-05T04:00:00
970,652,140,2025-09-04T14:00:00
971,653,60,2025-08-26T07:00:00
972,653,139,2025-08-27T08:00:00
973,653,63,2025-08-26T11:00:00
974,654,105,2025-09-09T21:00:00
975,654,8,2025-09-09T14:00:00
976,655,190,2025-08-24T10:00:00
977,655,6,2025-08-24T03:00:00
978,655,127,2025-08-24T01:00:00
979,657,123,2025-08-13T01:00:00
980,657,180,2025-08-13T07:00:00
981,657,16,2025-08-12T15:00:00
982,658,133,2025-08-17T00:00:00
983,658,200,2025-08-17T23:00:00
984,658,38,2025-08-17T00:00:00
985,659,139,2025-08-15T10:00:00
986,659,37,2025-08-15T11:00:00
987,659,22,2025-08-15T14:00:00
988,660,84,2025-09-08T10:00:00
989,660,173,2025-09-08T05:00:00
990,661,174,2025-09-04T00:00:00
991,661,169,2025-09-04T21:00:00
992,661,94,2025-09-05T10:00:00
993,662,27,2025-08-27T01:00:00
994,662,176,2025-08-27T12:00:00
995,662,68,2025-08-26T09:00:00
996,664,19,2025-08-15T12:00:00
997,665,84,2025-08-22T12:00:00
998,666,117,2025-09-03T02:00:00
999,666,194,2025-09-04T11:00:00
1000,666,153,2025-09-04T10:00:00
1001,667,61,2025-08-19T10:00:00
1002,667,111,2025-08-18T18:00:00
1003,669,33,2025-08-13T02:00:00
1004,670,9,2025-08-26T14:00:00
1005,670,155,2025-08-27T10:00:00
1006,671,185,2025-09-10T16:00:00
1007,671,154,2025-09-11T08:00:00
1008,671,184,2025-09-10T18:00:00
1009,672,77,2025-08-28T21:00:00
1010,675,89,2025-08-19T10:00:00
1011,675,116,2025-08-19T08:00:00
1012,676,193,2025-08-26T04:00:00
1013,676,10,2025-08-25T05:00:00
1014,676,178,2025-08-25T22:00:00
1015,677,61,2025-09-02T10:00:00
1016,678,115,2025-08-24T12:00:00
1017,678,100,2025-08-25T10:00:00
1018,678,123,2025-08-24T11:00:00
1019,680,71,2025-08-27T04:00:00
1020,680,98,2025-08-27T04:00:00
1021,680,200,2025-08-28T05:00:00
1022,681,157,2025-09-04T00:00:00
1023,681,137,2025-09-04T10:00:00
1024,681,127,2025-09-03T09:00:00
1025,682,130,2025-09-05T09:00:00
1026,682,128,2025-09-05T08:00:00
1027,682,184,2025-09-05T20:00:00
1028,683,127,2025-09-01T02:00:00
1029,684,175,2025-08-14T00:00:00
1030,684,135,2025-08-15T01:00:00
1031,685,175,2025-08-14T15:00:00
1032,686,14,2025-08-25T17:00:00
1033,686,179,2025-08-25T01:00:00
1034,687,194,2025-08-29T00:00:00
1035,687,100,2025-08-28T21:00:00
1036,688,146,2025-09-02T07:00:00
1037,688,10,2025-09-02T10:00:00
1038,688,8,2025-09-02T17:00:00
1039,689,200,2025-08-19T21:00:00
1040,690,69,2025-08-22T11:00:00
1041,690,65,2025-08-23T09:00:00
1042,691,118,2025-09-08T12:00:00
1043,691,152,2025-09-08T08:00:00
1044,691,101,2025-09-08T22:00:00
1045,692,48,2025-08-25T15:00:00
1046,692,164,2025-08-25T08:00:00
1047,693,101,2025-08-18T12:00:00
1048,693,57,2025-08-19T10:00:00
1049,695,104,2025-08-22T16:00:00
1050,695,43,2025-08-22T05:00:00
1051,696,48,2025-08-17T21:00:00
1052,696,137,2025-08-18T06:00:00
1053,697,88,2025-08-31T00:00:00
1054,698,148,2025-08-22T10:00:00
1055,699,151,2025-09-06T14:00:00
1056,699,57,2025-09-06T21:00:00
1057,699,178,2025-09-07T09:00:00
1058,700,27,2025-08-27T08:00:00
1059,700,58,2025-08-26T06:00:00
1060,701,95,2025-08-15T07:00:00
1061,701,94,2025-08-15T09:00:00
1062,701,7,2025-08-14T16:00:00
1063,702,144,2025-09-07T20:00:00
1064,702,84,2025-09-08T07:00:00
1065,702,5,2025-09-07T18:00:00
1066,703,58,2025-08-15T12:00:00
1067,703,2,2025-08-15T19:00:00
1068,707,154,2025-08-20T03:00:00
1069,707,124,2025-08-20T12:00:00
1070,707,43,2025-08-21T09:00:00
1071,708,149,2025-08-23T17:00:00
1072,708,61,2025-08-23T02:00:00
1073,710,54,2025-08-24T19:00:00
1074,710,101,2025-08-24T05:00:00
1075,711,76,2025-08-20T05:00:00
1076,713,84,2025-09-06T06:00:00
1077,713,52,2025-09-06T13:00:00
1078,714,94,2025-08-18T13:00:00
1079,715,122,2025-08-15T06:00:00
1080,715,187,2025-08-15T15:00:00
1081,715,135,2025-08-16T03:00:00
1082,716,82,2025-09-01T17:00:00
1083,716,12,2025-09-01T09:00:00
1084,716,5,2025-09-01T06:00:00
1085,717,198,2025-08-12T02:00:00
1086,717,23,2025-08-12T22:00:00
1087,718,117,2025-09-08T00:00:00
1088,720,144,2025-08-22T08:00:00
1089,720,16,2025-08-23T06:00:00
1090,720,155,2025-08-22T00:00:00
1091,721,93,2025-08-26T15:00:00
1092,721,34,2025-08-27T08:00:00
1093,722,103,2025-09-05T08:00:00
1094,722,42,2025-09-05T21:00:00
1095,723,107,2025-08-30T08:00:00
1096,723,15,2025-08-30T02:00:00
1097,723,84,2025-08-30T04:00:00
1098,724,72,2025-08-30T08:00:00
1099,724,77,2025-08-31T07:00:00
1100,724,43,2025-08-30T21:00:00
1101,725,87,2025-08-29T17:00:00
1102,725,190,2025-08-30T10:00:00
1103,726,87,2025-08-31T03:00:00
1104,726,188,2025-08-30T23:00:00
1105,727,183,2025-08-16T18:00:00
1106,729,33,2025-08-12T07:00:00
1107,729,78,2025-08-12T05:00:00
1108,730,110,2025-08-28T01:00:00
1109,730,86,2025-08-28T08:00:00
1110,734,79,2025-08-19T23:00:00
1111,735,151,2025-08-31T14:00:00
1112,737,34,2025-08-24T07:00:00
1113,738,82,2025-08-14T13:00:00
1114,738,18,2025-08-14T00:00:00
1115,739,88,2025-08-23T02:00:00
1116,739,124,2025-08-24T09:00:00
1117,740,163,2025-09-09T03:00:00
1118,741,175,2025-09-03T06:00:00
1119,742,78,2025-09-10T09:00:00
1120,742,73,2025-09-10T09:00:00
1121,743,99,2025-09-05T07:00:00
1122,743,151,2025-09-04T09:00:00
1123,743,159,2025-09-05T07:00:00
1124,744,109,2025-08-24T04:00:00
1125,745,185,2025-09-06T02:00:00
1126,745,75,2025-09-05T09:00:00
1127,745,165,2025-09-05T00:00:00
1128,746,94,2025-08-13T08:00:00
1129,747,95,2025-09-07T18:00:00
1130,748,18,2025-08-27T09:00:00
1131,749,45,2025-08-13T10:00:00
1132,751,49,2025-09-05T04:00:00
1133,752,52,2025-09-03T09:00:00
1134,754,160,2025-08-28T03:00:00
1135,754,24,2025-08-29T00:00:00
1136,757,107,2025-08-13T16:00:00
1137,758,41,2025-08-24T11:00:00
1138,758,53,2025-08-24T05:00:00
1139,758,184,2025-08-23T22:00:00
1140,760,197,2025-09-06T06:00:00
1141,761,133,2025-09-02T05:00:00
1142,761,181,2025-09-01T11:00:00
1143,761,23,2025-09-01T11:00:00
1144,762,123,2025-09-08T20:00:00
1145,762,119,2025-09-08T16:00:00
1146,763,144,2025-09-03T17:00:00
1147,763,161,2025-09-04T06:00:00
1148,764,98,2025-08-24T09:00:00
1149,766,37,2025-09-08T05:00:00
1150,766,159,2025-09-09T08:00:00
1151,767,98,2025-09-10T15:00:00
1152,767,169,2025-09-10T06:00:00
1153,767,142,2025-09-11T01:00:00
1154,769,184,2025-08-28T04:00:00
1155,771,45,2025-09-03T13:00:00
1156,771,17,2025-09-03T12:00:00
1157,771,118,2025-09-04T04:00:00
1158,772,145,2025-08-29T11:00:00
1159,774,47,2025-09-09T09:00:00
1160,774,45,2025-09-10T12:00:00
1161,775,190,2025-08-20T02:00:00
1162,776,26,2025-09-08T03:00:00
1163,777,169,2025-09-06T04:00:00
1164,777,150,2025-09-06T19:00:00
1165,778,142,2025-09-04T11:00:00
1166,779,61,2025-09-07T10:00:00
1167,780,168,2025-08-26T15:00:00
1168,780,94,2025-08-27T12:00:00
1169,781,82,2025-09-06T11:00:00
1170,782,69,2025-09-09T07:00:00
1171,782,107,2025-09-10T07:00:00
1172,783,189,2025-09-04T14:00:00
1173,783,191,2025-09-04T10:00:00
1174,783,127,2025-09-05T01:00:00
1175,784,64,2025-08-28T12:00:00
1176,784,6,2025-08-27T21:00:00
1177,785,65,2025-08-25T07:00:00
1178,785,148,2025-08-24T07:00:00
1179,786,115,2025-08-23T04:00:00
1180,788,147,2025-09-09T11:00:00
1181,789,18,2025-08-15T21:00:00
1182,789,42,2025-08-15T15:00:00
1183,789,15,2025-08-16T05:00:00
1184,790,185,2025-08-23T07:00:00
1185,790,29,2025-08-22T20:00:00
1186,790,55,2025-08-22T08:00:00
1187,791,34,2025-08-23T09:00:00
1188,794,94,2025-08-29T01:00:00
1189,796,45,2025-08-18T02:00:00
1190,798,195,2025-08-17T07:00:00
1191,798,142,2025-08-17T05:00:00
1192,799,90,2025-08-21T23:00:00
1193,799,176,2025-08-22T08:00:00
1194,799,54,2025-08-21T22:00:00
1195,800,61,2025-08-19T10:00:00
1196,801,16,2025-08-29T02:00:00
1197,801,193,2025-08-29T12:00:00
1198,801,197,2025-08-29T01:00:00
1199,802,78,2025-08-25T00:00:00
1200,802,61,2025-08-24T05:00:00
1201,803,29,2025-09-07T04:00:00
1202,803,118,2025-09-07T22:00:00
1203,804,54,2025-08-19T12:00:00
1204,807,165,2025-09-05T12:00:00
1205,808,200,2025-09-01T22:00:00
1206,811,51,2025-08-13T17:00:00
1207,811,123,2025-08-14T08:00:00
1208,812,15,2025-08-26T12:00:00
1209,814,121,2025-08-14T07:00:00
1210,814,22,2025-08-13T05:00:00
1211,814,54,2025-08-13T07:00:00
1212,815,102,2025-08-24T03:00:00
1213,816,188,2025-09-10T09:00:00
1214,818,41,2025-08-21T07:00:00
1215,819,105,2025-08-27T08:00:00
1216,819,120,2025-08-27T03:00:00
1217,819,193,2025-08-27T07:00:00
1218,823,104,2025-08-23T11:00:00
1219,823,27,2025-08-23T02:00:00
1220,823,34,2025-08-23T07:00:00
1221,825,35,2025-08-22T09:00:00
1222,825,186,2025-08-22T04:00:00
1223,825,88,2025-08-21T15:00:00
1224,826,160,2025-08-16T13:00:00
1225,828,147,2025-08-17T03:00:00
1226,828,50,2025-08-17T00:00:00
1227,829,54,2025-08-15T00:00:00
1228,829,138,2025-08-15T11:00:00
1229,830,167,2025-08-28T09:00:00
1230,830,171,2025-08-27T06:00:00
1231,830,78,2025-08-27T09:00:00
1232,831,46,2025-08-28T05:00:00
1233,831,26,2025-08-28T18:00:00
1234,833,161,2025-09-01T21:00:00
1235,833,135,2025-09-01T00:00:00
1236,833,36,2025-09-02T12:00:00
1237,834,35,2025-09-09T18:00:00
1238,834,39,2025-09-10T00:00:00
1239,835,5,2025-08-12T12:00:00
1240,836,90,2025-09-05T00:00:00
1241,836,185,2025-09-04T04:00:00
1242,838,184,2025-08-26T12:00:00
1243,839,33,2025-08-28T07:00:00
1244,839,200,2025-08-27T01:00:00
1245,841,117,2025-08-16T07:00:00
1246,842,71,2025-08-22T12:00:00
1247,843,92,2025-08-28T10:00:00
1248,843,141,2025-08-27T23:00:00
1249,843,84,2025-08-28T00:00:00
1250,844,196,2025-09-06T13:00:00
1251,844,34,2025-09-06T01:00:00
1252,845,20,2025-09-06T09:00:00
1253,848,14,2025-08-26T03:00:00
1254,850,158,2025-08-29T10:00:00
1255,851,60,2025-08-31T11:00:00
1256,852,72,2025-08-14T03:00:00
1257,854,159,2025-08-16T04:00:00
1258,854,16,2025-08-15T05:00:00
1259,855,110,2025-08-16T01:00:00
1260,856,59,2025-09-02T08:00:00
1261,858,136,2025-08-18T06:00:00
1262,859,82,2025-09-10T16:00:00
1263,861,162,2025-09-10T00:00:00
1264,861,165,2025-09-10T14:00:00
1265,862,182,2025-08-12T02:00:00
1266,862,74,2025-08-12T15:00:00
